"e64711cf41","ce7515118f","1e6c05169d","6d3bd2f30b"
"e220abe8b0","2a7b5e1f16","26527458de","ef06e29142"
"c1b4f6c978","eed279a71a","48a18e2b84","37251064bd"
"39c47a3f54","a8d50a4a97","82301d3f95",
"4b473f0e4a","34d78a619f","4a0a6965fa","b09d843d5f"
"aac2d24fd7","4e0acb57df","b83bc9dfa7","76fba60faa"
"baca1f1596","d5da791643","48477e7884","71a7c521ef"
"7b10e08263","cdd7ef59a9","2a0d1a296e","bf18760706"
"00a9b78f49","a20cced9fb","9737133eff","747141df74"
"5202aa6a12","e3261dbace","0ef56f5ef6","fd0c0208cb"
"6f5da258a5",,"eaa6ff2cc3",
,"ec2664c4cf","3f12023654","2fe4adfd48"
"90b7f38c5c","6e416c1a91","ff8bf1417c","3e70505ba4"
"7b6a6f4f69","0ceb9ed723","aedd098370","1cc2a7346e"
"8ed7bbe728","12a953a079","141495f4b1","dd01adda98"
"eed2e1afbe","14ff4740d0","74ab2a9b1a","367c6fb412"
"3cdd50ddf0","f76c6bc5d0","be2d77edfc",
"97a19e7d37","e891e8cdad","b702f2456b","84cf0b50cf"
"a964a0f499","b8f76a8e5f","3c4df17a32","e8c835e104"
