c58edbac0a,50fc16ff18,ce1ed41e9a,1cfaab36d8,de091953f9,cff78ba6f7,8d8b3c36cd,a0e0452f1c,d96af7c9cc,
c8b9beec1c,e1b367d535,9ad3911361,8eaa59df0a,,174789f4b8,5663471396,72ef4718f3,8561c63d20,d7eb8b4a95
81be859449,aafaaa68d6,fb131f3cd5,309a8f9f4b,d7a53f942a,fa87eb3962,1d93cf8169,89daaf02d5,ce54f2defa,2620ab7aa2
55d7c2ef8a,b959545cfc,193f8f285e,cfc651fc58,fd119c8d2f,85fe6c5bde,5b1a3faaa8,aaffa385df,91eca562cd,14fecd67d2
bc5382bc71,2a44b1aa4c,5987f0b196,cb79c2c1e3,f06a2c2849,90c830116a,1fd2701517,28b3d997ce,280c59adc5,1825fadf99
7432950176,cef5623670,e2f17cf732,ab647410b9,4d119162bf,,86f7134adf,b4e067c10e,48b8dda801,90364abd01
692207d70f,6b0f472ce3,4eff1c1469,81fd475861,482e5face0,70b3951b2f,e50212245b,fc1b10ee80,cb9d510ceb,bebae78c6a
b4382ccb5d,4026885307,9efa93ff14,e981a42d6e,4e50c41f4e,9834bd4034,76ea2b7366,80363d0458,ef654c1b73,45a04b7102
a62c94394a,ad292a8043,0717a21efc,f4e6470f2b,b3c8b426fb,8f8dcb2506,5b72ade49e,43b65acf38,,
3e821f8642,092d7bc330,1760bece6d,6420ece709,,50b9046e67,a708e52d7c,18cd36e491,f0633e8b86,
