id,fold,unique_pixels,coverage_class
3577258d6b,2,178,0
9737133eff,2,235,0
88839f49f9,4,213,3
7d87ab4aa8,1,203,0
96cc5caec0,4,185,7
84e540208f,4,224,4
dd9a94a797,0,207,0
82c316179b,4,200,5
2c45b152f1,4,188,6
963210b127,4,156,6
6ed0ef14db,0,217,3
7df431274e,1,212,0
3004f41177,2,209,6
94c8aad517,1,212,5
834861f1b6,1,227,2
939879034e,4,190,5
e6674212ce,0,191,0
e93ddc6ba7,1,241,0
d4d2ed6bd2,0,232,2
6e3c46c2d3,3,216,0
27e12cbcea,4,229,6
b964244dfd,1,180,6
9db11d4414,1,189,6
d7e93ff9c2,2,216,0
00950d1627,3,225,2
4a39459597,0,167,6
fd0d237b01,2,149,3
e278cee272,4,227,3
e6caf5eb81,1,213,3
3c3e74faf6,4,121,1
72544ea5b6,0,203,3
b355ed119c,2,217,0
858f01d368,3,223,1
7b9facc0aa,0,238,0
25db231ea0,3,199,5
4a12baccc4,4,219,0
25bd98aec3,2,175,3
7deaf30c4a,4,239,2
397f00cf61,2,86,7
74fa9386ae,0,191,0
85e6b4cb1c,3,188,6
5e85356a28,0,198,0
519cc2a871,3,187,1
be90ab3e56,0,244,2
5fe4e3f5e6,2,250,0
e45c509f80,1,193,6
e683e8ae69,1,227,0
ca511bc319,2,213,6
f87154ea7b,1,164,4
fa59461848,4,230,6
14c6a2d399,4,212,0
ba4781de48,2,224,0
6d8a8e2e6d,1,167,3
190febf6cd,3,229,3
14152a6731,3,218,6
1414606ab4,0,177,7
d3d19422ca,0,160,7
495e5d8dc0,3,174,7
7e138bf911,2,107,6
e98557c9f3,2,175,5
03eed26d3e,1,165,0
7ed0489985,1,185,5
921b60e76d,2,167,1
d3f3db7bd1,3,186,0
fe9e558605,1,210,0
05b69f83bf,0,1,0
2be45a7fa3,0,245,0
870be46a42,2,175,5
71a7c521ef,4,233,0
b80db32c01,4,227,0
eb4fa16734,1,243,0
b7b83447c4,2,221,1
17d70fee5c,4,222,6
84e23dba29,0,207,4
954502fb12,1,202,6
b70f0ab0c2,1,159,4
cffbfab33b,3,186,7
a446aa0ac8,1,220,1
f5a92d1356,3,205,3
bf72590547,3,229,3
dc710565e6,3,228,0
7791af3409,3,224,0
0a19821a16,1,218,7
f21593cfa8,1,228,0
6313ab72dc,3,229,0
6c793e5879,1,198,7
4be0764138,2,198,0
42c563d895,3,191,7
ba2a5fbf4c,3,203,4
a970e82aac,3,181,5
1268fbf8c2,0,161,5
7af84fef71,1,214,3
1bd1c8c771,0,197,6
13209940d7,0,168,5
5559e0ceab,0,209,7
d6987190ea,3,224,0
fd9db12ca0,0,250,0
1a72cc3d3e,0,217,4
25edb9edb3,1,214,0
44425dc49d,3,158,0
775bc235d0,4,131,7
51e8e6bfc4,3,207,0
594712691d,1,204,0
a07c1fd090,1,209,7
430ef30e87,2,220,0
2da763222e,2,218,5
65e2650a80,4,204,0
77c695369e,1,187,3
0cc5805a92,4,225,6
df47f2e681,3,218,3
fc4c223773,2,199,4
abfed46705,3,210,4
16207869ba,1,176,6
ed66549524,0,218,0
b942b38a45,3,222,4
2b160a1291,4,227,0
9f459445b6,3,224,5
6010b9b84d,0,198,5
3b5c0e9308,4,141,1
dcca0c8297,4,189,3
65dc362682,2,200,0
f0dc7e30fc,2,237,0
21ec084221,2,215,7
113b017a91,1,223,1
761eaf3fa4,1,222,4
82c340f4e5,1,217,7
55111519ec,4,177,0
e73532b450,3,235,0
ce14d335bf,2,214,6
c06ce71f9a,4,227,0
51be9fc3d5,2,205,0
cf7abfc8bb,3,143,0
44efef9c4f,2,211,0
35f3cb48d6,2,221,0
891fa63295,2,231,6
8ee20f502e,3,1,0
c4ed7cdb1c,1,216,6
ff1e8ed948,4,182,5
06a361fc57,4,210,6
24c102ca1f,1,193,3
4654389112,2,238,0
91ea3f1227,4,176,5
f6009f764c,3,214,5
499560e566,4,226,0
c387a012fc,3,238,2
884cd7af00,4,166,5
07a81dccdc,2,217,4
9f4001d8ea,2,204,3
65aadb6f53,2,238,0
ea2d80c951,0,245,0
c09f4e95e8,2,207,4
a18073f2a2,2,218,0
60698e8fd2,3,198,3
c26ff00bfd,1,230,0
8e2e3afdb5,3,220,5
c38e2a42e3,2,208,5
21d01a8e82,4,206,0
0ce8a6ae62,4,168,4
46b7364b81,4,214,7
ec5afeae66,0,253,0
fb14beb69f,1,138,7
7b79d341cf,3,217,0
1befe1ba44,3,197,4
b8ee1d8dbd,1,197,7
bc5ee94de7,2,188,5
37c95ff7df,3,199,3
31d35c7c1d,1,217,4
c95d3f1510,2,149,6
b8b3f26ad4,1,205,0
0fb7b2772a,0,157,5
92107f9559,2,164,3
cbbf379ef8,4,209,3
f5c2e66754,0,204,5
1a0996a817,3,190,3
28948eeb9c,1,157,0
b3ad13d9e9,3,206,4
5fe599e1a5,4,234,0
c9c0097eff,1,154,1
46dd77ede5,0,156,1
f4638e7428,3,205,7
b833fdb882,2,216,7
86bc03a8a6,4,202,5
c8d70d9c3d,1,201,1
ceef85bdc0,1,220,3
8d28e714e3,2,206,0
94e7558e32,3,175,5
a05da102a2,4,195,3
e39ded223d,1,155,5
e34c1220b1,4,201,7
df56e7aaad,2,200,0
f5a0acc480,1,181,3
7a9610078a,1,233,0
7576a8a091,4,118,5
568d119e66,3,212,1
b2f87059da,4,169,3
7e67ef84e1,3,221,0
e1cb177740,4,203,3
1463aee5b3,2,241,0
05f09b380c,1,217,6
3c2f5ba174,0,194,7
92a6b22052,2,206,0
7c0b76979f,3,240,2
c4b05c2eaa,0,219,7
6cafc8475b,4,222,0
b07d4da735,2,212,0
91c003779c,2,208,0
f6e87c1458,3,228,2
6a105e7555,1,224,6
e2a70ffdf6,0,161,7
fee35c9fa9,0,214,6
06d3201dd0,1,172,5
82e88d973f,2,207,0
23eb8cfbc0,4,172,5
7e58c5a1f6,3,128,1
f2c869e655,3,1,0
0a18b314fc,0,157,0
740d34befe,3,225,5
a0219e8fa4,0,249,0
05d9351a35,0,212,4
9819277faa,1,199,1
5be9925bca,0,194,5
1b6919f87c,2,217,6
56ced19ad6,1,157,3
f9629f4e29,0,211,7
b448f0fae6,2,160,7
05be75afd9,0,206,3
8ca104baef,0,154,3
9693c84080,1,220,3
4b0c5aad63,3,212,3
71f724c7ef,1,229,7
760ca73d1f,1,208,7
0497f2d447,2,178,1
0b7b00ebfd,1,232,0
29a1b18e79,0,209,7
ff9b7d0d2e,2,225,5
ebe64e1d15,3,221,4
a667ba911e,4,243,0
5489a9e706,3,248,0
8b0478ed02,4,174,6
1e2bad4d81,3,194,6
cc216a861c,3,210,0
2f5377ea9d,1,222,6
0ddcd3fd1a,4,187,1
500683ce7e,2,196,3
04234be388,4,223,0
5f98029612,3,230,2
80a458a2b6,4,202,2
a5805697c1,4,185,5
93b51f6335,2,177,5
b0d8f26ad8,4,216,5
d9a52dc263,0,241,2
bf76c8aff3,4,210,3
cb4f7abe67,4,219,2
b194549062,2,226,0
8343ad9ed8,3,167,5
a8ef242dfd,1,194,1
1623de321c,3,218,0
1401f04c4b,3,191,1
751a212e82,4,228,0
9898ce93d6,1,154,6
ccfb270edb,0,227,3
09e29fbb74,2,195,0
6c5b8b3950,2,180,0
aa791ce59a,3,153,1
96857148ca,0,170,5
8cb6f8581b,4,151,3
dde0ee264b,1,232,6
ebdbbb52b5,3,229,0
8686b3a5d4,0,186,6
9bc9c403e0,2,251,0
2bca4fe522,1,186,3
f57e741b5b,3,202,5
97bd8b22b1,2,246,0
a8e4e6ddec,2,206,0
b342a4959d,1,194,7
258a5db63e,2,199,0
e96a030ded,2,214,0
2596227117,4,213,3
3b05fe7a3f,0,207,1
de39c2b892,4,171,7
9c30bb0a5f,3,201,0
0c02f95a08,0,221,5
ac03463615,0,180,6
4c7f2b2c18,3,224,6
edf47afe46,3,174,0
d6e2bb1586,0,204,4
395726930f,3,216,0
d6437d0c25,4,1,0
3c6fe4b7ba,1,203,0
4f30a97219,1,1,0
868e7a70ae,4,208,0
ce3e6bba2e,2,200,0
1169f5b1fb,2,219,0
76b4df03dd,2,145,7
d2f131dba8,2,224,0
071d5aa17f,4,188,1
5468ed796d,0,237,0
697fee88c5,2,183,7
d06f237a79,0,217,0
7582c0b2e9,3,204,0
0c600207b1,0,209,5
37df75f3a2,1,1,0
7709ec3c5d,0,225,0
cb36193e2f,2,176,7
2bce09096c,2,220,0
b0e479668d,0,212,0
70a32506ab,2,206,5
645abba5ec,0,220,7
4c8132dc73,1,200,5
5108785aaf,2,135,6
9736389261,0,219,0
9ade7d33f2,0,226,0
9b4aa94aed,2,213,0
b2899a1188,0,211,0
0ea5ea6946,1,214,0
bbb762835a,0,185,7
3ff3881428,0,1,0
a1b5786252,1,240,0
fc87224914,1,221,3
49d061af38,4,207,5
ab7d09443f,0,189,5
7d0cea3489,4,226,5
3c66e5ab54,0,180,0
792929a4c8,1,204,4
8f07ef8585,3,213,1
9a91290888,2,239,0
9d98768f19,3,214,3
7796858a9b,1,186,7
b6604d4bd6,2,164,7
3822f73c1c,0,159,5
ac931ace49,3,176,1
d274664a41,2,226,0
399694c381,4,222,0
ec50263c20,3,181,1
809cb34e8d,0,186,7
bc7e49ee18,1,228,5
444dcc147b,3,196,4
ae61c09508,2,205,3
a91bd88bc1,2,218,0
59944f0f92,4,229,7
e0fb508d51,1,231,0
098c5f3e75,3,182,7
306e6e7743,1,214,3
efe3e72587,2,222,0
53e17edd83,3,241,2
8daf098aa9,3,221,4
e2f397d206,1,214,4
762c7d7084,4,223,3
7a2cca4fe5,1,197,3
d71e91efc0,4,190,1
30ff4f38cf,0,205,7
f70f3b7b95,0,180,3
2903f6a1db,1,171,6
09541ce79b,0,215,4
24bf79cd1e,1,129,6
6f0c88962b,0,212,0
38438eab6c,0,195,6
a35ba23a41,2,178,0
875b087f1c,0,238,0
5bb976391e,3,175,0
10f24c23af,0,171,5
d30e73de0c,4,179,6
a7f7a964f5,3,205,0
28553d5d42,4,165,3
dca83468d2,0,213,5
bf00a0ab71,2,201,5
a2a012f128,2,223,6
a5471f53d8,1,135,1
17e67f9ce4,1,218,0
7205efa791,0,238,0
8c38199b15,0,229,3
b85046c5c1,4,213,0
7145f7e956,3,173,1
64e050f295,1,249,0
71a5b1da57,2,194,7
49fe2ee7ba,2,203,6
9a672bfb51,2,150,7
a7a124fff5,4,194,7
d2aa4238f7,4,214,0
608574722a,0,125,0
9ff59d834b,4,224,0
49336bb17b,2,202,2
fa92bed2b1,3,235,0
ab82b9e44e,3,164,5
61321814ce,2,214,7
843447abe4,0,208,0
527c3abd5f,1,212,5
c9da9c3d42,4,184,6
d0d908374e,4,222,1
8063c65b57,3,229,3
1a5c093750,3,216,0
5395202313,0,223,6
a07f9159e0,2,227,0
851a37ac37,4,206,0
bfd1d7caa1,3,210,0
7a0c8915be,1,182,7
89097ab99b,4,197,5
fb81781b44,0,218,4
1f1e11aee4,2,219,6
084d3ed9c8,4,217,6
5b2282b51e,1,185,3
76ae1014bd,3,217,0
903180c447,1,189,5
86abf1c96d,1,211,0
3ec0423139,4,222,0
6b2f79f6ff,0,205,3
268baf2d43,3,224,5
50b3aef4c4,4,235,1
1b0d74b359,1,1,0
5f8370ed60,3,157,5
c78996aa02,1,167,3
db5bf853fc,1,232,0
b9614348f4,3,173,6
60b7303d20,3,243,0
7d14f8cfe3,3,201,5
a826e5e6e5,2,194,3
d2e44953e6,2,186,7
114d62da56,4,189,5
29b5ee6cf5,2,219,6
bf294b9661,2,209,6
7504d73df8,3,192,6
03c9b5ffe8,4,226,4
c026a17632,3,220,3
f841c6dee7,3,214,0
c74ef130f0,1,179,3
1379940546,1,173,6
aa56279e8f,2,189,0
a65aa82e0a,0,218,0
93a0cb5111,0,223,0
9494906f54,3,212,5
c58124fdc4,4,198,3
7c41f727b9,3,232,0
a15b73d4bb,0,224,0
b15313d4e8,2,210,6
8c976149d0,4,230,1
45f292bb41,4,215,5
89ba98210c,1,157,0
d9e45a7fab,4,214,4
9cf8fe7f96,4,223,3
5103df3d79,0,216,0
a72f220de9,3,142,6
76ba896225,0,197,0
628ab35fe8,1,198,3
e843caea8f,0,165,6
42d64f2d78,2,219,6
2e69b6eb16,4,232,0
729c382e20,3,206,3
85cf79a2cb,1,220,0
fa01eb7fdf,3,223,0
0c62dfc234,1,219,0
c29c36a1e8,1,168,5
351ea99ec3,2,211,3
8d2e68312e,1,229,0
368767c9fd,1,197,0
6ab003835b,2,208,1
df8d9625c0,0,222,4
ff238df1c4,0,223,5
2bc8a3db3c,2,212,5
a3bea8f266,0,201,5
d9fb5b47e2,2,187,4
00cda0328c,2,212,0
6b2f7ba83d,1,223,0
f7ff576dc4,0,146,3
43a1dbb062,1,214,0
12a953a079,0,254,0
c0ef23e386,4,194,5
0937b1df3f,2,186,5
341f6694f1,3,219,3
3cf0203cfb,0,197,0
0faaf196b4,4,166,5
1a7f8bd454,3,1,0
badc44bb99,2,215,0
2f746f8726,2,205,2
994af8ec2a,4,210,0
e7c54b5f4e,0,224,6
c7ab9848b9,2,179,1
a7a87180a3,4,96,0
b966734278,1,159,1
d8bed49320,2,1,0
1495558064,0,186,6
e0cfbbcb0c,2,206,5
e37a3da5b2,1,218,0
bd20d18369,4,177,4
eed279a71a,3,245,0
2a6477aee8,1,212,5
aa97ecda8e,2,1,0
36a6901cae,4,219,4
66cd32da94,0,204,5
dcca025cc6,2,1,0
4ac19fb269,0,138,5
0401ae15d3,0,226,0
27d0d9af30,4,232,0
6ebb6826bd,2,163,3
b45ad3932e,2,172,5
2d7a83381c,2,145,0
c42d63b0e6,3,215,5
8ef76ed16e,2,175,0
55a49950a0,2,219,4
fd998a993b,4,209,7
1af9e4bbd8,0,172,5
2fe0292eea,0,214,0
16017c8e02,2,208,0
a1585a58b8,4,224,1
58a51c861e,0,227,0
b6804bfa43,0,209,7
e05db130be,1,222,0
1afddc8196,0,188,1
baa743f4b4,3,166,3
3be0c0be8e,0,247,0
25d24d4554,0,240,0
1d7a812c76,4,210,0
269b6cad0d,0,220,0
8c9a0ea088,0,192,4
25e4b6fd77,2,191,3
537f18bd97,2,208,5
ef060b82b1,3,187,5
992572448c,0,194,3
0558ee87d3,3,193,7
84242f42bc,3,219,0
e37b8208fa,0,226,5
3187bf5c2d,2,230,0
5f1df5e4a8,0,198,1
2af240d261,4,170,6
0461a2fb30,1,238,0
0115703825,1,223,3
904f3fc07a,2,204,6
178d777950,0,201,0
5ff89814f5,1,1,0
53dab98a36,4,218,6
27c45fef01,2,220,0
9fe707f837,4,197,3
a3e89a273d,3,200,5
2f3eff4192,4,125,0
a633b127fc,3,200,7
b8a9602e21,2,225,2
5edca1bb89,2,181,7
380ff30e30,2,201,6
75b4a808b3,3,198,0
db32e0961b,1,222,1
90b1ba3bb5,0,176,0
e3755d5769,4,177,0
42b9ff31aa,2,215,5
92a20ccbe2,1,171,0
176ad39bc7,4,178,5
4f349b5ab8,4,213,0
877f9dd0a7,2,184,0
e0f030eb66,1,203,5
7e9e46174c,4,230,6
52ae147d60,3,250,0
c307912941,2,184,0
14c16f99d5,1,209,7
7ce6463bc8,2,184,0
0df9f16bc9,2,210,7
fde2b51fb2,3,220,5
fb5adc8df0,0,216,6
69bb149e2d,3,185,0
a3e0a0c779,0,1,0
44f2ea3584,3,211,3
6cc7ba6c56,1,183,3
c4b4099179,0,190,5
977f897477,1,211,3
48db3b8c5f,4,220,6
8978bc57b7,0,167,7
730eee262c,4,194,4
4fd99d2b52,2,157,0
288c4c1941,4,211,0
aabb4516d1,0,207,3
cdc7d77e77,2,225,4
4b3502ca99,2,171,7
365bdf0ae1,1,207,0
368f635c4c,3,211,0
9cb42834b3,3,214,6
c7c3a8a806,0,194,3
f57cb32d6d,2,201,0
0f02cec809,1,202,7
2993a272be,2,218,1
3bbf82fc28,1,206,0
53c79255ba,4,180,7
f37556e4da,4,228,0
cae4ec68c0,2,226,0
c33df3d7ad,4,195,7
fb1b82dde6,2,211,0
a19dbb48cd,2,232,0
e7ee2c6dce,2,223,0
e8f3e42b14,3,211,4
c93d0ecd1d,3,223,0
73a4c6a4bb,3,231,1
c5493cc7b0,1,197,5
ec2664c4cf,0,250,0
1bebafb9f3,2,174,0
a2da67afff,4,225,7
3794cd4d73,3,210,4
a9ab1afe01,1,190,5
9b1f59b89c,0,144,1
d967181724,4,225,3
c0a37fef54,3,195,6
4ed2467e7c,0,218,5
ef406bff03,1,223,0
90c62cd13b,4,183,1
7f5a72fa2c,1,162,1
c2485cb6c3,3,216,6
1eaf42beee,4,250,2
0eacc93ff3,0,154,5
d80ead8703,4,214,6
423800be38,1,213,4
dfa4d727b8,2,225,7
f8921580bb,1,195,7
4985566e7d,2,204,0
f26e6cffd6,4,1,0
bfb0e22b53,4,206,5
b6bd6424eb,4,185,0
bb6683a533,1,212,7
457d5edb4c,1,215,1
d67dd7da95,3,215,0
1d9f4e875a,3,191,7
776bdf9043,4,175,5
dc4bf302e8,1,215,7
7140b36ff6,2,196,3
32afbf53f6,4,225,0
dc4a1c9a30,4,220,4
157b2aa3e0,0,181,1
5d0a9c5b0e,2,106,7
fc6e9d0385,1,220,4
5378360450,4,197,6
77acb619e7,4,219,6
a4fb7072d6,4,217,3
9ccf9ff1c3,3,199,0
8811181716,0,203,5
9efedb3b86,4,209,0
44c8aed146,1,205,0
296de39be2,2,208,5
b4e8386ff1,4,211,1
d6471dc0a3,2,190,0
b749a000ea,2,123,7
45180088a6,3,165,0
894b5b40af,0,213,0
d765e53b37,4,231,6
9c4468a160,2,193,0
29df15c1ce,0,244,0
fd949b5ab7,2,188,5
d7f7a9f48a,0,198,5
ace37eaaf9,4,226,1
b552fb0d9d,4,1,0
fa50e86a72,3,230,0
359128303c,0,235,0
d25a2d736a,3,208,6
98870eab9e,4,204,6
b83bc9dfa7,0,226,0
c23090da64,0,177,3
7524d9b7bf,0,211,6
a5299290bb,4,221,5
023d486fba,3,209,0
21df07989f,2,208,3
475fafb8e2,1,232,0
c82ae5f941,2,234,0
a3079aded1,0,197,6
fa2ebd1083,3,188,1
fd5c3c20d6,3,218,4
5fd411e302,1,198,3
755c1e849f,3,1,0
3c35e3ad94,1,202,4
be1c8cbf1f,3,217,5
8431a87cff,3,213,3
6b4d65ac6a,3,228,1
a0b1d96545,0,192,1
6348c487a4,4,225,0
d12d5894b8,3,218,5
939c88a964,0,201,5
759b3aaa22,1,192,0
44f5dd71ab,1,215,0
36bc8044f8,3,212,3
9917602913,2,205,0
3480629331,0,134,0
f2e9faa785,1,201,6
db819c45e5,3,138,5
f6c49acac0,3,198,0
9c6f8e4676,2,226,0
498d327724,3,186,0
287b0f197f,2,1,0
f234066134,3,197,4
cf241124b1,0,229,0
5f248cf0d6,0,197,0
93196366e1,1,190,1
699608ddb7,4,197,4
9f0c9f3b90,2,200,5
19fdb270d6,0,222,0
2fa330e8fd,2,238,0
d4acb30303,0,213,6
9bdfa54912,2,189,3
63feb8de2b,2,211,0
4986fb6755,0,238,0
81d37cb5fd,3,200,3
2a9190ed84,2,146,5
bd526ca9af,0,194,7
c82f7676ac,0,228,0
d2b77b255b,4,149,4
b9fe322e38,0,205,3
2ae425e5a3,1,189,6
1825fadf99,4,248,0
e8d6412ed8,4,224,0
8e7324c8ed,4,115,0
5e3c2aa2bb,2,197,0
de15d35ebc,1,216,0
fea1ff8505,4,206,1
cabe5c94b2,3,211,7
10ecfda568,1,228,0
2a49169951,2,194,4
d059fcb2fd,4,223,0
9f224c71b1,1,185,6
5ecf1f5cb4,1,208,6
ceca04aa2a,2,192,5
5aca18a605,2,197,0
91127f8cc2,3,209,0
f1cdcb9883,2,212,0
b890b261a0,3,225,4
f0190fc4b4,3,1,0
70c8e14243,3,158,6
730bddcc02,2,238,0
df8c73e52b,2,219,3
d433300064,3,168,5
20b11dcfb8,4,227,5
4a7418a5e6,4,209,6
8db0a68a4c,2,157,3
de7202d286,0,225,2
578b502c6d,3,174,3
98b1f3fb9c,2,200,0
71f6fcb48a,2,200,3
f19b7d20bb,0,218,2
066e0ce4c3,2,143,7
289af097b0,0,175,6
4f6328bf93,4,199,3
41895b0f40,2,214,0
fe0ff502fb,0,224,0
f30e47cb36,1,205,0
a9fd8e2a06,0,1,0
893bd55371,0,243,0
03be56aa9a,0,227,0
b0a7056a04,2,158,7
e9f4d6f927,3,148,7
6abe55deaf,0,183,0
87d58438cc,1,212,0
7c61d788af,1,232,0
52aa9a9703,2,213,0
ddcb457a07,0,231,2
885c2a90f5,1,188,5
d2ea97ca4e,3,183,6
9090f8f97b,1,209,3
b92ff69b44,2,162,0
6c40978ddf,4,189,1
5717740aa6,1,203,0
7547289453,4,134,3
f0ea2421f0,4,146,0
ade746d346,3,186,7
d538594e14,2,245,0
75e041fbd8,1,192,7
9ba564058f,4,195,6
6457057cec,2,219,3
6bc4c91c27,4,222,2
07fef26d18,2,130,0
a32a4a2256,2,224,6
56ac5605d2,0,225,0
684555a30a,1,207,0
1739b1634d,1,227,5
c9142b341c,4,174,1
8d89d465fc,3,169,6
7ec803b58a,4,216,6
e3cded005d,2,150,7
5cefe5b52c,4,231,0
6b996daecc,3,203,5
13f3daf89f,2,219,3
90946392e6,2,215,0
c112748161,0,226,0
d8b1bbbfdf,3,224,6
5f397e0074,2,204,5
4ad2ddacfc,0,187,7
429b289e07,2,191,7
3e87545802,0,174,4
eec46ec66b,2,188,5
6f19d11809,0,220,0
bf05a52a6b,3,187,1
36b768bfa7,1,244,0
a14d2ea3b1,3,226,0
8270908d6a,4,221,6
66cf41c563,0,195,7
d3034e7a60,1,198,1
ef03d3e2fa,2,167,4
d3b6c08868,1,201,0
6cf6889e33,0,170,0
eb3a40225e,1,216,0
790f497dc8,1,230,3
e51bea30d0,3,125,5
7972b70832,3,186,5
1ab49f29e9,0,228,0
3e84576386,0,207,5
17bb0d4b3e,3,208,7
4bd876a71c,0,235,0
fd4741392b,3,116,7
056bfa0cc8,2,232,0
b4b225aaa8,4,210,6
3e3431be2f,3,210,0
d1c9be7e25,1,192,7
49a90688bf,3,215,3
d0bbe4fd97,3,192,2
697f80cece,2,231,0
13adf02399,0,182,7
ac90c088ee,1,205,0
8c4ac14f53,0,175,5
c202c25557,4,217,5
804fcfaf4b,3,224,4
691dc0bc42,2,219,6
393048bc6c,3,227,0
7bf203a987,2,190,6
9ae45b19d3,1,225,0
47aba1e35c,3,219,5
f5b2861c9b,4,209,5
11bfb46a23,1,223,0
016fc8031c,4,215,0
3a310860a3,0,216,7
e61d42e6cf,2,200,7
a4e5b9902b,3,213,6
7c6f76a267,2,186,1
212f074587,2,173,5
b9fb7882a0,1,139,3
7db7a5fb8f,3,243,0
1fec8e839a,4,222,4
4b522e501e,2,187,7
ac64f9de3c,0,197,3
6a3d92ce59,3,234,0
de08c5a3b7,4,187,7
febd1d2a67,1,216,2
fff2abcaf9,2,162,0
376e55e566,4,174,7
aae8971d6e,4,194,3
9a4db0d7aa,1,192,7
7361f4e5bc,1,221,4
df344e0599,2,226,5
697af33de9,4,197,0
de1142326e,4,173,0
29c033e8e4,2,213,0
9874f75819,0,160,4
613fb95edf,4,214,6
9eb4a10b98,0,228,2
df32c11fe8,4,200,0
2fa4260cde,1,228,0
504c4a71d2,2,214,0
7de09d894b,1,220,7
7b815ae7fb,0,223,5
48a18f5386,4,227,3
6fe4017680,1,172,6
0f9977b1dd,0,149,0
367c6fb412,0,241,0
4f105993c5,4,161,6
4db68c7d25,2,200,7
b67c735ff6,2,210,3
c2973c16f1,2,197,2
69013a70ab,2,211,6
abd1e3e008,2,215,6
6b0688f33f,2,209,3
0dcf4a11a6,3,146,1
25e519b494,1,226,6
1d0c2fa004,0,224,5
4e5d643b2f,2,160,7
6e3bb2a882,4,214,0
8138c79081,3,170,1
302ea1ac81,0,146,6
96f26f6397,4,171,1
628ea36ba6,0,205,0
fdabdc4399,2,226,0
ec61b48efb,0,222,5
f0b5a05a6e,4,203,1
30d4fb116b,3,185,6
40b45f1871,1,229,0
6d9b6a2c4b,4,220,4
052de39787,0,224,1
8a4671cb47,2,216,5
1ad2135efa,1,228,0
07e08eee37,3,195,7
04315b9a64,4,223,0
0ba541766e,4,180,5
4e41f7a5df,4,210,0
92c25915f1,3,212,7
465f93cd9c,1,151,0
1821c518da,1,172,4
2f2e86de0b,1,220,3
590f7ae6e7,4,1,0
617c746fca,0,192,6
a4ae0c0e35,4,209,0
6a0f5a8b42,4,203,5
f62410bce9,1,178,7
4c36178b41,3,192,0
b852505678,2,239,0
ccdd1c542f,2,194,1
eed6c66da4,2,154,0
2380664922,1,198,7
1d2c8152bd,4,198,0
c10ff1398a,2,206,7
bfa7ee102e,4,241,2
db02a30bb8,0,162,6
86fe531971,3,237,0
fe6e74532c,4,219,4
35499d9dd6,2,216,0
a9ee40cf0d,0,230,2
0c6ec35477,4,165,5
64f41e36f2,0,200,0
d84e52cb6e,4,213,0
a6f4e0f8b5,2,168,7
b1e590d1c9,4,137,7
5800248c17,1,218,0
65fe1a0efc,1,213,0
adf2a57778,1,222,6
03a9a9f615,0,192,4
5c297b5dcd,0,206,0
ec542d0719,3,1,0
f5d1176e33,2,153,0
68d00224e0,1,245,0
cc876896b5,3,180,0
135ae076e9,2,1,0
04c48c9743,0,191,6
82f186d2ac,2,180,0
6493c2cbab,0,199,0
0108518d1e,0,163,6
e880e84886,0,205,7
074673a5f1,0,180,0
c66a9ea31d,2,150,7
bf71bff284,1,215,6
d7a53f942a,1,205,0
5f3b26ac68,4,200,5
61bd2ee822,3,219,5
f78674d646,2,234,0
0db1b4c199,2,210,0
db1eeaebb4,3,228,5
c156fd6d44,4,218,0
69ee613976,2,215,3
50251a9572,1,241,0
ec817961a2,1,224,7
3276e900a7,3,224,3
086deb3ccb,0,245,0
3a3e1e824d,3,195,4
c9f7f4020f,0,225,5
f2d668f7e7,0,220,0
ed46821aa5,4,213,0
9146f2afd1,4,216,5
84b5568c2a,3,219,4
633c7d5c80,0,199,0
9ecc1f5457,2,221,0
44047c3e10,4,226,0
34f61e9a54,1,203,0
6dba47cc58,0,201,5
b937f4558c,0,224,5
919157e393,2,209,5
83558aa4b8,3,221,4
4fbda008c7,0,232,2
6d1afa9d46,1,187,0
cd249859fa,1,221,0
89dfb7ba1d,3,215,6
3d99801810,3,186,6
707f14c59a,4,181,6
1724889841,2,213,7
48d81e93d9,3,209,5
e337021e6a,1,188,0
39dd1c43bd,3,232,0
efd1625f2a,4,224,3
211fc910da,0,215,0
a66c03c236,4,208,3
3f8a8f4715,3,201,3
aedad85e8c,3,141,1
b858ccf692,3,232,0
89165071a4,4,199,5
51d1696054,0,147,7
c8bd99cbb0,2,205,6
e0bde1cf11,0,233,0
346358e652,4,161,1
cde14bb8d2,2,225,0
b06fe13f54,0,201,0
cd6ed7690d,1,216,3
3da729cae9,1,202,3
b7ec14f5e4,0,217,4
6db821bf5f,4,213,0
ef6229f0db,0,200,0
cc2da77c17,0,187,3
1d80de2ec9,0,220,0
4e47ff086f,4,238,0
5bbcd70d2f,1,211,0
d90473fc86,2,227,6
6bffabbd91,1,193,0
54842b574a,2,137,7
6153c227de,3,215,5
2874150952,4,183,0
e1280ddc3c,4,198,3
624bd59549,0,211,0
eb38db5443,4,197,3
ffce5bbb9a,3,202,5
35bbf1302b,1,173,1
590e6bdbef,2,220,5
164873b51f,0,163,0
52e7de7430,4,206,4
934cd14205,0,176,5
fbf64b5ea0,4,189,3
66cd349922,3,151,5
dca3f5ce34,2,225,0
974f5b6876,1,227,3
e7a5e5e55f,3,225,0
7ede03dede,1,215,6
7af5b00299,4,190,6
a93c251217,4,221,0
a56e87840f,0,1,0
32f4fd66ae,1,244,0
51b639314d,0,216,0
ba1287cb48,3,196,2
3cb59a4fdc,1,224,2
ddcb1ad560,2,200,0
9a6c280d8d,3,227,5
99ee31b5bc,0,210,2
008a50a2ec,3,179,1
d308ec69d3,3,222,6
b329b390e4,0,205,4
623565cb2c,3,253,0
bbf8c7968a,2,233,0
de7af15747,1,148,6
894d0e63f5,2,189,0
dae1555fbf,3,189,7
94c94ee7b6,4,134,6
4541761ba4,0,214,4
6eeeda7f4a,0,201,7
b393a57640,0,223,6
8c916f9cb5,0,180,6
66891ec970,1,201,7
95f6e2b2d1,0,234,2
8c477d6abf,2,229,6
22e7cc183f,1,230,3
34205cc12b,2,248,0
27b5526adb,0,225,0
90704ffe69,2,160,6
dfc8a378b7,4,199,5
287aea3a3b,1,221,0
5ee2d40bbb,4,221,3
b8f92fbe45,3,204,7
919bc0e2ba,0,248,2
437fbb64d4,2,225,0
211eb21702,0,195,0
077cb8696f,4,253,0
ce16b0d0bc,4,198,7
83c0564224,2,182,0
4e89a919ed,2,214,0
c82dabf9b1,0,220,5
1770691c51,4,225,1
9b29ca561d,1,235,2
8367b54eac,4,210,2
99d3fbf9f1,3,216,6
d7215eb198,0,203,7
59597a8431,0,111,0
96998d1ad9,1,211,0
501c68e571,4,143,0
bc3f2b82ec,4,221,0
0deadce8f1,3,212,5
a89fc2586a,3,204,3
38c0d9ca8e,2,193,5
6d55cabc8d,2,194,0
1c0b2ceb2f,0,1,0
071c81c9ad,3,244,0
b5a47c646f,1,225,0
5f7c5c59f5,3,232,0
62d6a9b673,4,245,0
6c6c1cbae9,1,177,0
f288e998f5,0,211,6
b6aa5c7ab4,3,206,6
937ea43a65,2,194,7
fa752c35ca,3,197,7
c1503fb0ec,3,228,0
855f399924,0,161,1
ed2b73840d,1,169,5
132e30cffd,0,221,4
5c7f310937,4,219,7
c0565001a3,1,208,3
1a8c4fd6ea,2,210,4
f121c06f1f,3,249,0
a076699b79,2,204,5
595deae139,2,246,0
17be1887b9,4,226,0
a86acaf330,4,226,0
2ee6e81e4b,3,189,6
cb9d520cf9,0,226,3
bebae78c6a,1,249,0
12d09b9fa4,0,230,5
4702cdd4f0,3,181,3
558b11d1b8,3,207,1
eec3f628d6,1,238,0
aba57f0f2c,2,202,1
8174aba668,4,215,3
6285015437,3,194,0
190ea39ec4,2,208,3
be4db8ff8a,3,201,0
ea2f1fa62f,1,179,5
4575e490e4,0,202,0
4be85a3110,2,210,1
ec649a86b2,4,192,5
5ce554e890,1,207,1
4b17d5fb8f,4,194,0
b57e98a275,3,218,3
97adf32d4d,2,226,5
e437c3912d,2,222,6
6752a6815f,1,179,0
6ddd6a2ec1,4,215,5
4ef0559016,1,212,2
3fc79d2ece,2,196,0
1d0a131f99,4,222,0
be565e046b,1,220,0
e1984bebe3,0,218,0
c1190c9c37,2,205,4
5aa0015d15,3,1,0
1d93614392,0,193,5
75d0e44b1c,4,165,1
4b72e35b8b,1,240,5
20894faad9,1,200,0
069035a9b5,0,204,5
bbb5279a06,2,219,7
6da01cc490,0,209,0
5fa87fc4cd,1,222,0
9ca84742ef,2,193,5
e4d2bf6036,0,217,0
37aa9fc79a,3,195,0
d61e5c8296,0,219,0
cbd42ee63f,3,229,0
a8503e0dc8,2,190,6
4a27de03fc,3,200,6
38ec59117e,3,222,0
8d70a676cd,2,226,0
569f85c4ce,2,207,0
7d48474434,2,226,7
0bca43f7ff,2,221,7
ce06c157c1,0,188,4
60dccbc52f,1,215,4
a3ad1422f5,1,226,0
97a653e83c,1,168,5
8b0d0b0633,0,222,1
941d0865da,1,221,0
d390b1cbef,2,209,0
0642bbbc5f,0,153,0
e099e54eee,2,177,5
43a9c21cea,1,231,0
a5eedd418a,1,179,5
6d93c0a95e,2,207,0
533a731c99,4,221,0
4d04dcd959,3,225,7
db548fd037,2,179,0
0cc3c31d1a,4,213,5
ee0be71990,1,149,1
0bdd44d530,2,207,6
a0f050600e,3,219,3
23cdfc53fe,0,207,5
702209f0b3,4,178,0
d31e3fbfdc,1,165,0
7cc53fe88b,4,210,7
54cfa66336,3,211,0
0532916483,3,152,3
af0e101aae,2,193,0
d8f80479ac,3,235,0
438443e0d3,1,224,0
f28b483859,0,222,1
0f20f0242c,4,247,0
2d4e7a937b,1,225,0
f87365827d,3,232,1
1c6237ae58,4,175,7
87986259f0,2,192,0
31a4341eb6,3,214,6
0f6e788cdd,3,183,6
8bb7245636,1,211,0
ca58996278,4,197,0
022b1b01be,1,195,0
ac5f676fa3,4,194,3
27a240a570,3,216,0
f122ead5f2,4,218,3
50290e75f9,2,221,3
19902af6bd,1,206,5
3eabf280ed,1,241,0
415eb5b72c,3,202,1
19b7d2e2bf,4,217,0
9b9c107a62,4,226,5
b637a7621a,4,1,0
9385125b12,2,155,0
754cfc4b80,0,247,0
fa08ffa6fb,0,211,0
185172060e,2,207,7
83bb4578eb,4,168,6
f8e67987c6,0,136,0
44edd661a0,4,177,6
d1665744c3,0,1,0
ea3cdbd7cd,0,216,3
3507f73405,0,226,0
a317a82463,2,236,0
82adfbc0f1,3,237,0
c58b6277c7,2,214,5
d19827b32b,1,226,4
4766b51055,1,244,1
e1c6994595,0,208,0
a37249665e,0,200,5
525be73de5,0,205,0
0e53e6294a,0,191,7
5d7424eab2,3,214,6
c47c5ea1c3,1,171,0
285b9ba056,3,166,0
92d116836e,4,222,0
f1395b9e13,1,186,0
f1774ff8e8,2,207,7
608567ed23,3,221,2
6dea52e54d,2,211,7
cb6c6c15ce,0,229,0
23e5717c0f,2,187,7
ebe8198105,0,198,5
458a05615e,3,232,6
935cba59ad,2,206,0
17972a6517,2,205,0
4d9fa2d97f,4,186,4
7c99d1c1eb,2,207,0
e7da2d7800,3,1,0
e639615636,0,206,6
dfe230b677,1,142,7
18e2325a5b,0,182,0
e813f3d1bf,1,182,3
b9ebcbc115,2,187,6
226eeb7c67,0,191,0
3531c9193f,4,218,4
2067c20654,4,92,0
6545c6235b,4,179,0
08f3346b8a,0,160,4
4875705fb0,1,219,1
86a772adb1,0,162,7
7aa7e1b355,1,174,4
365abbdf77,3,232,7
7f826d312e,2,181,5
4864559ba5,0,211,0
4608c638bd,0,206,0
cadfbf8011,2,153,7
f7e555a0aa,0,185,5
4514d46495,3,213,0
44ccc2d846,0,178,0
8824cdcbf0,0,198,6
1b2c817dd0,3,202,6
74d574653f,2,231,0
0530b67189,1,207,6
3edc3edf92,1,184,3
e39f959114,0,251,0
c83d9529bd,4,220,2
e9909298a9,3,180,7
99817a653e,4,184,0
9bd58061d6,2,216,4
f139be21a4,4,128,0
8c1db0fc39,0,195,7
1c9fa3dff4,4,197,1
403cb8f4b3,0,225,2
70c082d59e,3,181,3
f5c25276d2,3,210,1
640ceb328a,4,232,2
8329ec9395,0,217,7
a33fe0952a,2,229,0
8409fed45c,0,189,0
f2598805e6,3,212,4
a9ebb78977,1,161,7
a7254b3aa6,4,207,1
299ef808f6,2,200,5
44ac5b2526,3,214,3
88a4200cec,0,219,3
962348be7a,4,217,1
553733b17b,1,185,4
99909324ed,2,1,0
455d05742a,3,166,0
0926b7396b,2,224,0
87725b728a,4,207,5
4c4556fff0,3,224,1
f4f0fd932e,3,183,5
62aad7556c,4,239,2
7f0bdb5e31,0,187,6
917ef84e64,1,226,0
26808abb2d,3,187,6
174ebb49df,3,165,5
6a1783be17,4,154,3
a988661613,4,234,0
89a74723fd,0,204,0
ca84b9e8d4,4,208,0
9e426ec524,0,207,3
a149b73993,1,242,0
c571804a93,4,214,7
4c89e94e36,4,230,3
fbc9a1149e,0,214,0
eff595dbcc,0,203,0
92c91d1494,3,216,5
e360f895de,2,160,0
cae1a9f23f,4,219,1
aede306d15,2,215,0
3734601c15,1,187,4
7b596fc561,1,204,5
f7380099f6,1,220,2
74ab2a9b1a,0,246,0
020678ec1b,1,208,5
143eefe05a,4,196,0
8bf499cb0c,4,166,6
8daa7e48d1,2,182,3
54e2419450,2,211,6
f44f67efae,4,194,0
808cbefd71,0,1,0
fba32825cd,0,161,3
548887f17d,0,155,4
abe36055e8,1,207,0
54cb8bdbe2,1,144,3
55e9012561,3,198,0
8ab2399b4a,0,129,0
c7a92a6707,1,218,0
95a87f8ad9,2,139,0
440534c8dd,3,166,1
0fd38464c3,3,207,5
d2bd2fe97f,0,196,7
23afbccfb5,4,222,2
618f843c7a,2,224,3
213e0a9f7b,4,166,0
14a89a1840,4,193,4
caccd6708f,1,212,2
c385af3da9,4,208,0
45fb16d378,1,202,1
a52d7a6cd8,0,216,7
6e1bb2e64a,2,215,1
ff8bf1417c,3,246,0
1e4c96a9cd,2,227,0
b35b1b412b,1,241,2
51e82eaa5b,4,213,0
bfcd0fb5ac,4,169,3
05c33e6854,0,202,6
7812fc8116,2,220,0
df8caa8bdf,3,217,5
ae11c7b131,4,171,6
186edd93a3,1,205,0
0fea4b5049,3,218,5
7e92ab6fe8,4,200,0
3984ed8d4e,4,249,0
9667824566,2,213,5
22fdf96a54,4,155,5
1f9dcb9a1f,2,187,0
6edba13f1b,1,189,6
0923f7bef9,1,224,0
dce4c70a99,4,224,5
a33ef5ed68,0,190,4
41e173a1e5,4,221,4
71438f26ec,1,217,5
5326fad561,4,210,0
3f22f2ef0e,4,231,0
be7014887d,2,204,2
0977568b54,2,211,0
c50ba562ef,4,203,0
1bfe4907c1,3,212,3
eb84dfdf18,4,251,0
b63b23fdc9,1,244,2
1c02222ef8,1,229,5
a31e485287,1,1,0
a19163fc11,1,195,0
3dc8ca137c,3,225,0
1b073494ab,0,193,7
8f7b7b9980,3,213,3
b690abdc09,0,222,7
2fa889172a,3,228,5
7a6d32bcae,2,197,1
7d9f0dacd0,0,224,5
20a4dad0c1,3,220,6
6074c5b0bf,3,199,3
82a285227e,2,174,6
0898e36ee6,1,158,0
d3be640ed4,1,212,1
e80ac14b0f,0,228,0
a5d188bbd7,1,223,4
f1b1f57aee,2,217,5
56810440c4,2,228,0
aeba5383e4,2,231,2
f1e4acdd7b,1,156,6
74d1d03fc3,3,227,0
cb2698f715,4,234,0
92d9025a37,0,193,7
0a1742c740,3,218,6
3a5e5f4202,4,160,1
b33b1f9db6,0,186,5
2101c21f75,4,197,6
5ebe9e404d,2,173,6
57f8b13094,0,215,0
33159fbb9b,0,199,5
26ae98fddb,3,160,0
3975043a11,2,237,2
4d9b845652,2,188,0
d752eaa82a,1,179,0
8d9b8d724a,3,149,0
23c72b10cb,0,208,6
d175b3b3cc,1,201,5
7716aa7b58,2,241,0
fc13dabcbb,3,207,3
d9cf4a6e42,3,205,3
1751290ca2,2,98,7
b097a1f9e0,0,209,0
7019c22c5e,3,213,3
676d100540,3,185,0
057eae4f34,4,191,6
89340d64ab,4,148,0
417833daa4,2,212,0
c2ca0ed857,1,162,7
c613a090a4,0,231,5
5446a64ba5,1,196,5
91b91fd79b,1,179,6
be18a24c49,4,212,1
b5bdff9392,3,206,1
eac822921e,2,228,0
6af48dfcdd,3,207,3
b09f0e743d,3,222,0
5bffe3b52f,0,195,6
5970137a1e,2,220,1
575d24d81d,3,225,0
967d30a3fd,0,215,3
082d2910a8,1,213,1
dc7c506beb,4,219,7
c60eaa0c75,1,159,7
886dc2e534,3,162,1
857f570585,2,233,0
58135d5189,1,232,0
6dc7a51dd9,2,197,0
99f52af0ea,0,196,0
9fd1beec08,4,212,0
005b452274,0,216,0
b525824dfc,0,211,2
d0244d6c38,4,1,0
cc70a60681,0,189,3
602dc99f10,1,215,0
5c9326f1e4,2,221,0
bcd1e64c58,2,220,5
e642037975,0,227,0
a659530342,3,197,6
115ee54da8,4,245,0
bfbb9b9149,0,225,2
bcbe3c0ee2,1,225,4
9f97b2925e,0,220,3
1a37af90c1,2,211,0
b911d46acb,1,204,0
5fd8ed2395,1,222,0
664e3eb07f,3,244,0
fc944f4e1f,2,187,7
95bdc8b506,4,220,0
edea91429d,4,210,5
ef58213c9b,1,237,0
a9a9fb1747,1,213,0
3ad9500e43,2,246,0
429bf7c665,3,147,1
782ae9b7e7,4,138,4
ce15cc1d1a,4,224,0
b28690f7ad,2,206,6
0fc5ad7e3b,0,203,7
c68ee0308f,3,226,0
116bd22fd0,3,170,7
8fd4178b11,3,203,5
96aeb8d018,4,226,6
a4d621da2d,2,228,0
d2c800e9f5,2,230,5
8c9b19f267,4,201,0
ad2fa649f7,4,230,2
0f4637e4b7,4,160,0
4ff5c5ef47,2,131,0
85c191c52c,3,205,0
bb8c452bb6,1,196,1
8164beeaf5,4,204,0
dd6a04d456,0,217,2
b6f907680a,0,179,3
0be923c49b,2,248,0
60d3607be2,3,215,7
9747413253,2,199,0
0adb490de5,3,219,1
7ec58d0743,1,225,0
8919be1266,2,93,7
f0228a88de,1,229,1
bb1e7f303f,3,196,0
9a9ff1beca,2,135,3
77420e5628,0,186,3
45a7562dbf,4,245,0
362cec7849,3,204,6
1ee0d5b4d0,3,117,6
428a877104,4,243,0
9b450671aa,3,223,0
eb91416afe,4,208,4
cbed0283ff,3,226,6
1bf062bda2,0,175,5
7568a9474e,0,201,1
3a3281b37d,0,205,5
f34ae8f3d4,1,204,5
75d70e2411,2,215,0
debe560cfb,0,177,3
3371d166f0,1,193,1
0df375dc9c,4,214,0
c920246511,2,146,0
d70a2f1f23,1,196,3
e41a05735d,0,200,0
d0e8c9833f,2,219,7
ad3c6dd8d4,4,226,0
657f2c34f7,3,196,5
7c6a2df039,4,184,7
9511856b03,1,144,6
c39f317ad0,2,224,0
7a817b12b4,4,226,0
063cf2a23a,3,238,0
b9fd9429e3,3,224,5
960f92cf81,0,213,0
d00d1ea52b,3,220,0
19bd49e478,1,211,1
d99612d949,4,216,0
c78c89577c,4,183,1
0aabdb423e,2,204,6
84bd944c62,0,193,1
6b377327b1,3,184,6
876e6423e6,0,240,2
7277ef5fef,2,226,3
9f7e064e9f,2,215,3
5e09ef27a6,4,201,7
f7d4d6fb0d,4,210,0
9718102ef6,1,162,5
ae51614513,2,180,7
f9b7196dfc,4,229,1
5c70da6c2d,1,213,6
d5afcea9a2,1,175,3
681ee85a7b,4,208,0
ca82310ee1,3,214,7
2a00ecc904,3,218,3
ec3130dd0b,2,209,4
a8aeef5395,3,225,0
1f7e3eef06,1,222,1
6c61beb5dd,1,238,0
a7cfa30d35,0,224,3
0b73b427d1,0,180,5
65408225fc,4,220,0
f959f79b64,1,236,0
e9ce8188b9,0,195,4
9d354bc9e7,1,223,0
483372b203,4,86,7
3fc4d6b6ed,4,186,1
99405de5c5,1,185,0
196cffdb4b,3,211,4
f429b8e6f8,0,212,3
ebff5f719e,2,207,5
45b5f91d83,1,205,7
7aebdeb9a7,4,187,5
184356736e,4,162,3
c1f92fd149,1,189,1
cc4344175e,2,193,3
b07fc3b87c,1,171,6
5ef096aeac,4,204,5
9cbd5ddba4,1,181,0
c4f5a0fa36,2,213,6
5489419bef,2,225,6
902d01b7dd,0,217,0
51846d4c96,3,224,0
e8cf12563d,3,109,6
3f8634704b,0,206,0
c673bebe29,4,211,7
51acfd1399,0,202,7
b7c462dd1c,4,217,6
49f22705ea,0,174,0
ec7522391d,4,230,0
6e72c79c29,1,196,7
5701bbfe46,1,123,0
be6cf5cf86,3,169,6
bbf6b192be,0,209,0
8d9314a9f4,2,213,6
f170afca54,1,224,0
b3f6affa39,0,202,7
70c7bb7616,2,223,0
a91212b01e,0,201,0
563191e71a,2,213,7
ad5454050e,4,168,4
e7c55756c7,3,215,0
8a58fe70f8,0,254,0
d3c8980685,2,203,0
078f36a006,4,210,0
20b26a6ea7,1,210,0
4d33311a1e,3,242,0
25c415e373,2,201,0
f2ffcf3de5,3,213,0
494daad56b,4,178,3
7410f440bb,3,222,0
fb47e8e74e,3,232,2
54dd4658d1,4,226,0
ae2ef70d51,1,222,3
7ebd3f0cdd,4,215,0
fb903c3b68,4,169,1
7a696bb878,4,129,0
db75c6831e,0,209,1
38232d1fe3,2,222,6
1abf3d7f60,1,200,7
565d2342f2,1,223,5
ceeaafc4fc,2,211,0
4696bb53e6,1,207,4
93f8f9e663,1,207,3
b4e23ae450,2,195,6
30307d5103,4,202,4
9790f7880b,0,229,6
236a5cc090,3,206,4
6d46f994ac,1,153,0
65d05b81c6,2,164,5
7aef9898fa,1,224,6
9fff0319cd,0,230,7
547c9d83fd,1,212,3
9466e21e0d,4,196,0
13483cd62a,2,140,6
ad1e8ef844,1,228,0
d2b40a2781,2,197,6
96d1d6138a,4,1,0
fba91bfec8,3,213,0
1a4278325d,0,218,0
e0dade9896,3,198,0
0aab0afa9c,4,194,3
387b6956c4,4,195,4
8e280f2c87,4,223,6
423ae1a09c,1,1,0
fefe01ac32,4,240,0
518ee8cf52,2,211,3
2ff32a1188,4,167,5
ef51bbcde7,3,216,0
28a9c6e5fe,1,248,0
1e5e713964,2,199,3
d6379c1f18,3,182,5
fbf380831b,4,201,6
642c62a158,0,203,5
a94450f57e,0,203,7
180f0a1854,2,188,3
52a0f74bfe,4,205,0
29b25b5f03,3,183,0
65ef110246,4,224,6
f0d15c63c5,1,144,0
30491b379f,2,220,3
7053b28de2,0,213,0
d68c08baec,3,182,1
eec5e72dad,3,183,4
8718d851c6,0,182,7
c59e5f46c0,0,173,7
2af3c055b2,0,200,3
3a58606814,0,216,5
b60fbb288b,2,149,4
9d23bc70b8,2,233,0
e69330b40a,3,226,7
7f5914b74a,0,218,0
cd6140444f,3,248,0
b76b065012,0,153,3
39cd06da7d,0,239,2
f9d03271d6,4,225,4
a4a2921863,2,225,0
331ec135dd,1,177,7
df811b26b6,2,225,0
ba1ae7a6c7,0,210,0
9347c39706,1,180,5
6e1444d88d,3,185,5
a27e64c2f7,4,219,0
7f01757d4c,4,222,5
9dde6475f9,1,153,5
59b1bac5d5,4,205,0
3a33e1eb89,4,180,7
5a6cd229a9,1,193,0
66b4280f4e,1,222,5
0d9adabb2c,3,226,7
526d63530a,2,192,4
1c20fc4477,2,132,5
deaa0ab2b8,4,181,3
d145884178,1,162,7
6d69267940,4,240,0
9382a047a8,4,217,3
725d92524a,4,192,7
2ffe02e882,2,218,0
3ee4de57f8,1,1,0
cb0d3e8399,1,109,0
60584b31d8,1,198,5
848c9d1a6a,1,126,7
939232310f,3,226,0
9031ddc924,2,193,3
4618b50b42,0,228,0
6419fd454b,3,224,0
053a6f6704,4,207,0
8693030eb3,3,196,5
5b8dc086ff,3,157,3
a5c4007b7b,1,254,0
6baf05d61e,2,228,0
cbe33c57c4,2,209,5
14bba6af57,2,183,0
571b14e631,3,197,0
fe801cdc47,2,226,3
c4911615e1,2,170,0
321f21e02f,4,210,7
308a9348e0,1,211,0
71a31f4356,4,209,7
9522339a9a,2,201,0
7268aedee7,0,236,0
e27400528c,0,172,5
b92b11b3a4,3,211,0
ae6ea6e613,0,179,0
f425a67987,4,188,7
0a7e067255,0,230,0
f625984494,3,205,0
816c9d6d5d,4,208,1
43ec939286,2,211,6
770af4e501,2,209,7
f712d8b870,1,168,1
b9bb1b7b3f,3,244,0
56b5540fd7,4,219,7
d567ba2b49,0,223,0
30badffdd5,2,198,7
3d4bc58424,1,218,3
9b3d4b0379,3,249,0
6c557220d3,4,223,0
6c8ad32f36,2,195,7
cef624f327,3,216,0
a05ae39815,0,230,0
25bbbcd4a4,1,225,7
7b0c7e28f0,1,178,7
e021227dbd,2,207,0
4e4cadf03f,3,203,0
c69962cd9d,1,197,0
8e13060816,1,151,0
1d4e60eafa,2,219,4
d0e720b57b,3,1,0
492383a53b,4,225,0
51ede1c702,0,190,4
3cd0ce6e18,4,189,5
3a7bbd73af,2,65,0
7d8b219e1c,2,211,6
9b09626522,4,212,0
8f1d6045fb,2,220,0
6d593a19d1,0,156,1
1937cfedc5,4,169,0
77abc5ed21,2,174,4
a562619124,0,212,6
8fb68e99e8,3,144,0
9ca11c3696,0,229,1
ba045610d1,4,152,5
5991bd3f1b,1,226,7
5aee63c515,4,217,4
0bed5f2ace,4,226,1
631dacfc0f,2,186,5
e6ac2a35cd,2,205,7
665e84dc42,0,222,5
bd51537256,3,224,0
fccf774196,4,227,3
fa56377e58,2,173,3
f65a52f375,3,108,0
178bd2185d,3,219,0
1d955f8103,1,218,0
2fb6791298,4,1,0
fb1e8578cf,2,217,5
ed6f9dfa22,0,185,1
91bb8b5dbb,3,218,5
8b5232fcfa,1,160,0
78b2d05419,2,215,4
263bd9dfd6,2,189,6
911efbb175,2,202,5
8c232a1cf8,4,206,5
3bd3216e16,2,197,0
5fc8bb94aa,0,223,6
7a25e51377,1,192,1
9f0ebbd210,1,202,6
1ca865b041,2,200,4
a87eb66a65,4,208,3
3218afdc84,4,219,7
74de17e9c0,2,136,3
0829b44678,4,165,5
0c089f7c1b,0,163,7
66ced55b7d,1,232,6
168f625d62,3,218,5
b93d143e4b,1,180,0
70d9a282d1,3,200,6
c353af5098,1,114,7
a59385755d,0,215,0
400e66f34e,3,206,3
cfe4dd9f7e,1,239,0
659193a103,0,223,0
7df36788a9,4,185,0
f456e3161d,2,188,4
d82b80a555,1,186,7
01c033e116,2,178,4
b1be1fa682,2,226,2
93f7759d52,3,201,7
2556c23489,4,223,5
90720e8172,4,224,2
8dc946b34d,2,183,5
14da113475,1,131,6
18f3626b0f,1,211,1
d56050d3ab,3,170,3
6a1fe1a81e,0,167,6
1a2918c9b4,1,175,5
23a7afcb36,1,219,0
cdf9422054,0,192,0
9e8e175c01,4,198,1
813d6ad4ba,2,223,0
d606f4a578,2,188,4
90990cd2ba,0,165,6
044106f759,1,215,6
33820f50d8,4,189,0
b1dc23a427,1,193,7
4085f8522d,1,220,3
ec212b3d2d,0,170,3
228f9cee2e,0,212,0
e8d8b35601,3,227,5
44381a3f55,1,110,0
2e035505d6,3,167,5
a70b2204f0,0,207,6
1439570aec,4,206,0
4d1efb19d7,3,224,0
8e3228d793,3,227,5
1804b11f9a,3,192,0
7f2694ca3f,4,181,6
6a6b42a6f2,0,178,5
ea9dfe6f60,3,198,3
690b1ce5f7,0,191,7
4279e747a0,2,255,0
33dfe8b243,0,226,6
4b9862566c,1,207,1
581e7f38d7,2,217,6
0822e176b2,1,223,0
7ab70da99b,1,240,0
8b09c914be,1,176,0
1c3397d0ef,0,200,6
2787bfe603,1,225,3
f20521b7f5,4,205,5
884400b2e8,2,212,0
dd87f1a21f,2,179,6
c27409a765,4,225,2
5343d4837c,0,209,5
7488e076ca,4,204,0
a7b1f4bae1,2,195,4
8f16b2685d,3,187,7
d6cba9f9de,4,201,5
56ac0f17be,4,193,4
d9044ee3c6,3,183,1
7572c78534,1,201,0
24a38972a3,2,173,0
0ad38c8f25,1,198,3
36e68393b6,1,191,5
e92f67b3c7,4,144,5
3634f29aac,0,183,4
76ecdc5896,1,228,0
7114209cf0,3,224,0
12c92c9f70,0,211,3
e53c2e8771,2,203,7
a6625b8937,2,219,2
a7bc02b7d4,1,196,3
276807c93b,1,204,6
1f8bf8c5d0,4,242,0
f9a3d103d7,3,187,6
1f33387a8e,2,204,5
48b8dda801,2,211,0
aeebdd4350,1,230,0
af6fe9a9c8,3,143,6
11518835a4,3,201,7
502b97b954,1,235,0
38178b0ded,3,209,1
e929ca0e34,4,231,0
ebacf0e713,0,187,0
f76c6bc5d0,3,247,0
769d51b80b,2,243,0
56d025f76c,4,244,0
7cbfebdf9d,0,166,5
24a8ae9bb9,3,153,7
7d8e29261b,3,167,1
0a41de5e3b,0,185,1
4ee4b3485e,1,177,0
2a26fb616b,0,197,4
3c1097c378,1,182,1
f641699848,0,223,2
638e7a825e,1,191,7
762f01c185,1,1,0
fa3e7cb3f5,0,221,0
b3b37c152d,1,175,5
cc97e87765,3,212,6
3406ef6042,1,173,7
cba568b15f,0,208,3
1aef65e24b,0,172,6
a32b0d0cd7,4,209,5
31683f8a18,4,210,3
225ae42209,2,149,7
4b2af55ae6,3,215,6
aa94cfb806,0,218,6
230226a446,2,187,0
e8e8b96a84,1,221,0
da94055b53,0,187,0
1d798aa5d5,0,192,5
a9df598e16,4,228,0
8620f40403,1,221,4
5e58ed4adb,0,217,7
829ebfbb32,0,200,0
9d173ec22a,1,190,3
12bf4f2d3b,0,219,0
0304e9ac37,1,178,6
7fa6578978,1,216,3
47398efeb4,0,222,0
6940237693,1,210,0
5b3b86341f,1,146,1
438b4cc6e3,0,187,1
d5a283c553,3,154,3
3dbbc237c5,1,208,3
e6a78e36b5,3,183,5
e7e9165d9b,2,216,0
f3356c9ee4,0,220,7
fb9b58527c,2,225,3
34d2af0f86,4,224,0
0f7aa746d6,3,187,3
da5ab3d506,4,203,1
efec1f093e,2,212,0
54a3636ba6,3,142,5
94551e800f,3,225,3
a3ff13b1e1,2,216,0
691fec8ce2,0,215,7
1277f1a611,2,230,0
8a02b4a1b7,1,172,0
578aefa47e,2,227,3
060cdfded5,4,200,0
d0aeb260e8,0,201,3
f0ec542987,3,224,0
1ad819c49a,2,198,3
d369e6b550,0,179,6
f8f7ed86fc,0,230,0
2b2fc71ee1,3,217,3
6ef46555e2,2,214,5
466030918d,1,216,1
e51e614146,1,235,3
942d3bfbf3,1,223,5
4cfee4b097,2,228,6
99aefa9443,2,223,5
d49a9c4664,2,233,0
44d745a704,1,210,5
cadb46b378,1,189,5
c6612326fa,2,213,6
31250cef62,3,200,3
9ea0525027,3,165,5
28e3c1128c,1,227,0
9f54d7807c,1,167,0
d9d7716b7a,4,208,0
b2c6b8cf57,3,218,5
740e4ce45d,2,206,0
efc705478f,3,205,7
f724f78b1a,1,206,0
948d73d7c2,0,238,0
5575337f66,1,175,1
6682af0131,1,229,0
e476b868ef,3,221,4
07bb074759,0,231,0
29ea4f92c3,3,222,3
489a8fd021,2,223,0
ac460261f4,4,216,0
26527458de,0,241,0
6460ce2df7,1,238,2
af296d1c0a,2,179,4
18ea3802ca,0,169,7
2425501bf4,3,221,0
f85a85710a,0,217,0
58de316918,3,229,2
3c7e2d60a7,1,223,5
6252a820da,2,102,7
78299d7a47,4,190,0
859f623d32,1,119,0
3cc59342bd,3,193,3
1263576548,0,162,6
2615b5210d,0,191,0
68a2df3195,2,217,5
e1ce826217,3,174,7
9b585a2ea0,3,186,6
a803fc87d1,0,163,0
a6ba9b9f91,4,198,3
f45dbe6541,3,162,5
7ba58ee1be,0,158,7
c1431cfade,1,228,6
5ad7172ca7,4,204,0
76d080ed6f,4,157,5
73a2f6fb22,0,159,5
e172f09faa,0,170,1
1b71d67404,4,145,1
d3c3988e54,2,207,1
980570ed7e,2,207,0
ef29bdffc6,0,227,0
99c726d528,0,176,0
90bf0125af,2,219,0
212ba67b51,3,225,5
b6e57d954e,1,197,6
5fa536d1fd,2,187,7
3c30b8e27b,3,201,5
a826a7a9a4,4,170,0
800daf6ac1,1,215,6
ebdef67fa5,1,221,1
c72c5ee731,1,179,0
17c5d2464c,4,215,6
fff4eb4941,1,238,0
09152018c4,0,191,2
a7f4b8d36e,1,190,5
13037dfbb2,0,194,1
60638605b1,1,218,0
19e749d0b1,2,115,0
407bd44d31,2,184,7
d8fca64ebf,3,216,7
de261976e6,0,193,5
64e79513a3,1,251,0
aa9eb3a110,2,206,3
000e218f21,3,213,0
a4442fef48,2,157,6
cddb50fb4b,3,178,5
a291ef5d83,4,186,5
71f7425387,0,219,1
7e737a6cc6,2,189,3
a21ae8cb6b,4,189,6
57e394bc67,3,204,0
2da8da57e1,2,208,0
dccf379405,0,207,0
d97f94a2dd,2,222,5
ac1ea6faa4,0,204,7
36db23ceb8,2,218,3
8201005b79,3,174,6
c8ce151a18,3,215,5
173dd2f369,2,214,0
b221ece24b,1,215,7
4d4adc5623,3,226,6
3ee1cfb6a6,4,206,7
9a4864ff06,3,244,0
ebcd41b5f1,0,170,5
10e835f9ab,2,216,7
d7398cfded,1,206,5
96049af037,1,1,0
3598c246d7,2,210,5
6272ae54bc,1,172,1
0ece337a15,0,182,3
253ee294d9,2,188,0
c33faa5d81,4,203,0
96216dae3b,4,238,2
ba705c8398,4,189,4
b7dc0d87fd,2,221,0
99b602dde4,3,197,6
8d73c4f678,0,188,7
18ac660fbb,4,200,5
7074e402ca,1,201,7
a12cbb17e5,3,208,3
675fcfe29a,4,207,0
285f4b2e82,1,241,2
5ec6db5c9d,3,204,0
384d50db49,0,218,5
3ed6168b22,4,154,6
62a0ee9480,2,224,0
570d1da727,0,228,0
4630209118,0,220,5
73c6a1ede1,3,148,1
4e3ccf37ee,0,161,6
875dda3975,1,213,0
ba6970504c,4,163,5
467469da7b,4,206,0
a00d2b180c,4,223,3
81e9af5ee2,1,146,3
0ad0876244,4,208,0
b24d3673e1,4,236,2
edfe5ae3ef,1,227,0
fd257af5d2,2,219,0
e12cf83477,1,185,7
e199174d64,2,202,0
7f0825a2f0,0,229,2
ad6fe18943,1,193,3
8a29fd2ebe,4,216,0
f7dc2b2c9a,0,217,6
316074fdc4,2,190,0
5673036fa1,1,245,0
217a70a0cb,0,145,6
c56524ded9,2,214,6
2424f4afc7,3,208,6
d62ad254c6,2,176,6
c32752c00f,3,192,5
e44dcaeb74,0,191,3
25dc959ebd,1,175,0
0c62ed4494,4,194,5
821e0217f0,0,174,1
6dfaae4996,0,165,4
19843b4e95,3,216,0
b506085af9,3,215,6
95a60e2f42,2,104,3
11a54f2eff,1,202,0
fa70e3da06,3,224,0
8e9f2b9b61,1,184,1
f992390442,0,215,4
2886e27fb6,0,214,5
20a0f53112,4,221,0
1b9865501f,4,233,0
d0319f0ec5,2,216,7
020376e68e,3,221,0
836eedd4a7,3,209,0
52020f0fd4,4,204,1
4433b159db,0,131,0
d553c91194,4,220,1
97b058f254,3,206,0
5ffd928d1e,1,208,4
4c43d99f68,3,176,1
628f1de539,2,153,6
c901f669f8,2,203,3
b74ecdfe20,0,116,3
a5375b180b,2,204,0
83967f4314,1,208,4
62d30854d7,0,230,2
4eccb0cb9d,2,239,0
483b35d589,4,216,2
8a1aed2c83,3,167,1
325cde4fa9,0,177,6
2bd87e0587,3,201,0
56f4bcc716,1,232,2
fadd701a33,1,147,0
0589f557d7,3,201,1
3c1ed5cc1f,2,243,0
ffb2ad3f94,1,177,7
acb95dd7c9,2,1,0
65e01bd65f,1,202,6
b96ef7e302,4,225,0
f646560aa9,2,187,0
488f5f133e,0,180,7
63bed65d65,3,217,4
a774562f5e,3,91,0
62e608259a,2,166,3
d453812357,3,181,5
08dc3c9a23,4,198,0
86866ba71d,1,221,5
30cb1002fb,1,186,5
02117a400e,1,226,4
bc811e2c1f,2,223,3
127ef4105f,2,196,6
fa9b3f2aa9,2,220,3
217eeca27e,2,185,0
ebc46e6691,1,228,0
d21e3d7843,1,208,7
85fe62d2d6,1,196,0
e340e7bfca,2,225,0
6c45d80d1e,3,186,1
ea1332b03d,2,200,0
5c65a9775b,0,225,0
d9457c3b1c,2,218,5
0ec68b2e42,0,204,3
4d2ede6b7a,3,209,5
1925c11fce,1,101,0
abed119094,2,226,0
5ad4b1d1ff,4,216,0
27ec51c877,3,230,0
71507ccc96,2,234,0
ee94d2281f,2,211,6
75c7d3b5a8,0,184,0
d916ac7864,0,179,5
9c4c524983,0,224,7
312c4ce754,1,226,0
a0ea88f6a5,4,159,0
976eb05465,4,161,7
7eb42fe5ec,3,187,0
146ec37657,0,219,5
565f9c3fce,1,231,0
35ba6f2faf,1,211,6
335474f8ec,0,205,6
d629a56d3c,3,212,0
c3a963f5e3,2,219,1
80363d0458,0,248,0
81ab8c6bb7,1,202,0
c8404c2d4f,4,1,0
46b424e067,4,204,5
f463f6b15b,2,193,6
5f1aa014c5,0,211,0
0cc1d0e4c4,3,175,5
4ca8350f11,2,213,0
9d7165c9c0,4,212,0
9e9f3940a9,3,138,3
e02ae4f371,4,183,0
46bec86213,2,224,6
9dc604318f,1,228,0
4b44c94892,1,216,1
cb974e60ca,3,207,3
96523f824a,0,195,2
c576ef893a,4,185,5
ad0e66eabf,1,193,0
b2958f2747,0,219,3
ecdd648857,2,227,6
ad93d35798,3,194,0
c7f54785b8,4,195,1
203f6117be,3,172,6
04f7a73f2b,0,216,0
114daa1bed,1,218,5
eb5e2a6b3a,0,226,0
d93d713c55,1,1,0
4e7d4502bc,1,205,0
a24080b4a0,2,173,4
ddd0be8fd5,3,192,0
b112d9993c,1,216,6
fdff017e77,3,160,1
849ccdf3af,3,216,0
ad2113ea1c,4,152,0
5b836d2444,1,221,1
fbcd92f03f,3,143,1
84eb2c400b,3,155,4
a78e36d77b,3,196,0
fadd6aa446,1,166,6
b3396387a6,4,183,6
b8dea42e1a,1,194,7
0fcbd0567b,1,227,0
97970b5e2c,2,199,3
ec9ba7900d,0,197,5
59ceec4f7c,3,212,5
1931feb9b8,1,149,0
f0e7e06354,3,219,5
ad6e3961d4,3,171,7
badb3ea766,4,228,0
3525fcea1e,0,218,0
3c9931bca2,0,193,3
1da21e7498,0,197,0
28df927e87,3,162,7
4f3368a855,3,211,1
045c5516a2,0,208,5
5203d6e046,3,148,3
d268ae57b5,1,191,1
31b7874f49,4,170,5
33f32ff406,0,213,0
a8be31a3c1,1,1,0
e927f91b12,1,213,4
c092a99d23,4,221,6
6994342067,1,198,7
af171a3570,4,174,5
3a690dbd1b,3,169,3
86f2fd7025,3,182,5
9678fb935e,3,185,6
8c88cf3d22,3,199,0
3da64841d8,2,192,7
87afd4b1ca,0,246,1
060f14fcee,0,199,7
d3c9529867,1,205,7
2a5805ad13,0,167,3
ad76d4cd21,2,203,1
60bbd166a4,0,211,0
d26e890704,3,219,7
8adaa82868,2,212,6
c749d05181,0,224,0
86f892ad2f,3,226,0
ed7251fc01,3,150,4
dea0a56bab,2,232,0
5948185d4d,2,223,0
4a5595076f,2,207,5
b172bd2032,3,197,7
6558dcde17,3,218,0
24522ec665,1,210,2
18fc51d517,4,147,7
5e95137d5f,1,210,0
29fd4ba626,0,225,0
390355fd73,1,218,0
f566a7cbc6,3,218,0
77415e7cda,1,218,0
2f917b1124,2,180,1
68bad6a787,4,240,0
dcbb6474ee,1,222,4
7633c6bb70,0,215,7
53de66df2a,4,170,3
fd63516ff4,2,227,6
66eeb09788,4,174,3
9267f6cf9c,3,173,5
17113fd0bd,1,205,6
690281a93d,1,229,4
90a57bacf0,2,221,0
b183b2ddc4,3,171,4
e8757626a1,3,218,0
6a29fbd74b,1,215,0
5b217529e7,0,239,2
05c7033694,0,233,0
2bfa664017,2,201,4
3501da04b2,0,221,0
5a7a933a05,1,220,0
2d5f4b0213,2,227,0
e082398595,0,208,0
4079c73376,3,210,7
aff8ae9d4d,2,207,0
0f9beb1453,4,162,7
f2f0278d02,1,177,5
776d123d8d,3,173,7
180d2ec2cc,4,201,1
a2530b4c45,1,227,0
9e7d89d4c0,4,226,0
0d3b5ec2a8,1,117,0
7f0e67d5ec,2,187,5
db0bc63d60,1,212,7
966fb0cdbb,1,129,7
1435d5602c,2,221,3
2d8a3a262b,3,223,0
e1009fa370,3,175,1
d7196745e5,3,198,0
b6ebc3831e,0,194,5
bedb558d15,2,1,0
f59821d067,0,218,6
8612ca9286,4,222,0
8555cb627a,4,126,5
dce6361f2a,2,194,1
087192e2ec,3,210,3
380dea2a5a,2,225,0
37e16a5404,2,189,7
363a171d90,2,156,0
0b176124c4,3,146,3
9a4f625408,4,223,7
680ce5b666,3,198,3
182ea1798b,3,157,3
12e859e91d,4,204,7
97515a958d,3,1,0
fbc98aedc0,2,204,3
a1e3e1af04,2,240,0
47729d4ee5,3,232,0
c100d07aa9,3,243,0
a35792b156,3,142,5
da689f1bca,1,203,7
c70153909b,1,231,0
3d781526c2,3,224,5
d96af7c9cc,4,213,0
6a6ebb2255,2,214,5
7ec97427ca,4,225,0
40fbc03558,3,221,6
dd580d1681,4,152,4
aac747667e,2,227,0
27c035c5ae,4,169,6
5b435fad9d,0,216,3
b6c52b4a53,3,222,5
c26d515fdb,3,216,0
e51599adb5,1,1,0
ea6f13458b,1,218,3
fa25724a62,4,188,0
83be4b6836,0,138,6
2775c5f447,2,183,5
2bd913a165,3,208,7
6f438c26f8,2,228,0
4ce60abe5f,0,222,1
a43ca2ef73,3,211,0
9539d280a6,4,164,7
34831dcd0c,0,215,0
29162a3471,2,209,7
9458b40464,2,228,0
bd4f797d33,1,221,6
c230cf2a94,0,201,5
ca78405cea,3,176,3
299ba3cf34,1,193,5
2fe186a2c6,3,205,6
d2e14828d5,1,1,0
dcb1eee6e3,2,202,0
705eb5d67a,2,230,0
f807851f5a,2,146,3
b6bca345bb,4,202,6
c79d52ffc3,3,76,0
638d8572e9,0,199,7
cd2046479c,3,186,3
a913c2fc19,0,208,7
b354751edd,0,207,1
89562d9f7d,4,190,4
3685aa0e78,4,158,6
6cf284fb9e,0,222,5
e0da89ce88,3,1,0
c824b8afaa,2,172,0
39a5b5f33a,2,225,0
d859ee2145,1,202,5
a41357f553,2,225,3
fa9da6a455,0,158,0
10a1a5b78f,0,215,3
16589f0702,0,201,1
a3605816c1,4,223,6
90d2cdb32d,2,220,0
b8236d92ff,0,201,3
3fd0ef2d38,3,230,3
4ed12ec89a,4,227,6
503aba826b,4,163,0
9bf982cf65,3,221,7
d73189228f,2,231,0
8116fa64d4,1,174,3
b461a5b584,4,211,1
1b5a148cd3,1,239,0
42a3baf571,1,175,6
10e1c8e23a,4,220,0
ceb69201df,3,172,7
1c8f6881ac,1,226,3
065ce5590e,4,204,0
63532a858b,1,161,0
a4c734f1a8,2,188,6
8ae916bb5c,0,191,4
26281da345,4,186,5
c5a9c13a77,1,200,3
7bfd026d91,2,173,7
cafb1294ae,0,192,0
4989c6509e,4,203,1
186d861771,2,217,3
68d9f77646,4,193,3
e4159ed1de,2,222,1
f5e72111d0,4,218,0
e6ab700d15,2,191,0
40d01e18a0,3,222,0
47bd268dcd,3,221,7
23b7bf14c5,4,141,6
babbac4cf9,0,213,5
3687839ecc,4,202,7
4743e3bf8d,0,204,7
f30c36bf6b,1,195,0
01c2045d03,3,247,0
3ca252f526,4,150,7
f342603c76,3,231,0
a5833d6cc4,2,158,0
8ebceef687,0,212,6
343b0359b5,1,219,5
65cb9cbc05,2,191,1
0f5ada4dc3,2,216,4
eaefc56247,3,187,3
67db09fda5,2,209,3
6c0a545d06,4,194,1
c9ff0d072b,0,246,0
66e922c8d6,3,222,0
687dd94fee,4,249,0
f083e6692d,4,132,7
38ed2aa7cb,3,206,3
824152cf1c,3,160,1
5a6fa22207,0,199,4
a9e940dccd,4,1,0
edd5fc6648,1,181,3
9b656c339a,3,227,0
96d917e53d,1,172,0
6698a570b8,2,182,5
6760543d8f,3,218,0
f3ee165cd0,4,228,6
7135ca553a,4,215,0
d7f48d294e,2,224,5
f52c144f24,3,211,3
6c25735f24,3,229,0
1c687fea93,3,178,0
2bf5343f03,1,204,3
d67e3a11d8,2,227,0
e63196d890,4,219,0
05a61e5799,1,202,6
b1f0e104f5,2,202,6
70e9442b06,0,228,0
4b0bf2f4a1,3,226,0
93a1541218,3,234,2
b839f805f9,0,216,5
38a15dee44,2,222,5
9447159eb7,3,151,5
d65973824b,4,214,1
9d5d4bf0f1,2,202,0
ba67135a54,3,219,0
5a81181e41,3,210,0
b39fe87a25,2,147,3
7242ab00b6,3,224,1
b8c3ca0fab,0,1,0
58f752db3b,0,213,6
66073ddce1,4,201,4
6f5c2712b1,3,182,6
a783bd82c5,2,240,0
0d8ed16206,2,1,0
14dcf18fb6,3,180,6
0050766ae2,0,229,0
5b86544456,2,202,0
88a5c49514,2,216,2
c2395da60e,2,138,0
d73e3ccdec,3,201,0
9fbd3ca3b5,1,237,0
da082ec985,4,156,7
f9645c1acf,0,223,0
3e8b5729dc,4,186,4
802df9bb5e,2,105,4
84723e7793,0,206,0
18449e54f8,1,210,0
211dca3b80,2,189,5
e2063ce131,1,194,0
088a402727,4,209,0
3ddb2ff7a4,3,236,0
24d67576d0,0,203,0
ec406285e8,0,225,1
fb58510ec6,3,203,5
0ae08cc1b2,3,168,0
5f8b4540fd,4,191,0
76e1428103,1,207,4
9dcb043fa9,0,159,5
2a71003f75,1,199,5
38dfaadc68,1,226,0
5fabfdc0b6,4,209,4
4a5dd4ab45,3,225,0
9a4b15919d,1,230,2
726a0d854d,3,226,0
7977cbab6f,3,221,0
109bccf6c6,1,185,0
09ee5831f4,4,193,3
8d839a365b,4,193,0
a98d950667,1,222,0
e1bd09e50b,3,231,3
cb68c2431a,3,253,0
930183efe5,0,183,6
cfcffeda9e,1,219,1
3792be0845,0,189,7
1a2d060823,1,180,0
7b5d5d40fe,2,244,7
e0c136dc8e,3,200,0
c023a62b96,3,195,7
7b2032d7d1,1,238,0
223e0c3942,1,200,0
1f1cc6b3a4,1,199,0
c7408f1d38,0,219,6
07ac7e530f,0,219,1
b51eed936a,1,242,0
e045664b46,1,184,1
6d9be2f492,1,206,6
5bf5d82829,0,187,6
7dfdf6eeb8,4,246,0
9d462381b0,0,208,0
6138f82415,0,222,7
f8ba90c991,2,250,0
d66e51d456,2,240,0
7c0447f939,2,201,0
75ad49564c,3,156,3
b76760a4a1,2,165,7
416101e57a,4,214,0
740070f15a,1,223,0
ccc41663c6,0,153,7
25fb3a895a,2,212,0
e11123ab8b,2,216,6
c33e3a20a4,4,221,3
e12aab98e6,0,186,4
964be849b0,4,227,1
9daa6c133f,4,140,3
9258e48804,0,222,6
a21afccc50,3,217,0
11a14b9fcd,4,228,1
8f2087a1f5,4,223,0
da84ed2423,1,221,0
3662fffe30,2,225,6
f4ed280779,4,240,0
8ec207d7df,2,192,0
323882f716,4,183,1
ab5fe4fea8,0,222,0
bdb45f92c7,4,184,1
6a57dfd211,2,234,0
bb1743a571,1,224,0
04711cb760,0,212,5
d944700bae,3,211,0
dbb4b51e4a,3,221,0
4ee5d2c629,1,214,7
7187f4c02c,3,220,1
9a3abd0ba6,2,212,6
cef03959d8,4,215,1
9fdb6afc56,4,162,1
1d93cf8169,2,234,0
6b5b7c0ff3,0,188,5
dbcfdf17a3,1,215,3
cb2c20898a,3,218,3
737e6513c8,3,199,1
1ee82dabee,1,196,5
c9ffc53f25,3,189,7
4d6121dae0,0,193,5
4848a3a509,3,219,0
9ca520f895,1,194,5
20658e781f,1,189,0
5448c46aac,4,194,6
4c7e3c71e6,4,216,1
31b003483c,2,223,3
9a48617407,3,120,0
2b77f82b42,0,135,0
cd5cd074f1,3,219,6
9d12bb050d,4,194,0
27efc3195e,3,219,0
bb697642ae,4,229,0
93a8901635,1,227,4
abd889c82f,3,238,0
e5a8368ee6,3,211,0
6ea5191e2a,4,227,3
216e2a7492,0,221,4
5155ad847f,4,224,0
e4c8dc59fa,2,172,0
c80f09bee6,2,205,5
d468d401ab,1,212,5
87c6bf0012,3,144,3
ed60e1c64a,0,223,0
90b14e3f04,4,156,6
edf1e6ac00,4,231,0
1a8a17f220,2,165,0
1790f3520c,1,195,7
0249c49180,0,164,1
e3e1afe993,4,175,6
1f0b16aa13,2,1,0
d14ad5cb55,1,219,0
5e350fa662,0,226,3
340c808130,1,213,3
ae6b6df24d,2,224,0
38063f77a8,2,214,3
7a2eebff84,3,225,3
bb63bcb48a,1,210,3
a0c156a4c9,2,146,4
cd5c9532e4,4,227,5
c02071548b,1,200,7
fcbc5cef9d,3,187,0
7e40cdf1f3,4,215,7
bfc47bbe13,3,193,0
10833853b3,2,1,0
62966dffd3,4,237,0
2a16af2ae7,2,197,5
d1857e0577,3,166,7
da02c9184d,0,222,3
a4e8ba21d1,4,195,6
5d6126f459,2,202,6
6aff151236,2,232,0
f0c401b64b,3,209,2
a962f4c9b6,2,185,6
1e4a233a70,0,248,0
358b9acfb5,1,218,4
3d339265c4,4,231,0
40a571cf0f,2,221,7
eaeb630ff4,0,197,0
bb9ad7c38d,0,199,0
72e1a1b225,2,220,4
53eb356632,2,181,1
51179a1815,0,174,3
2fb152d905,2,205,4
75c554378e,2,233,0
aa1d903842,0,206,0
6c3a9009c8,0,217,0
44e3f20074,4,117,6
a239bfe21a,1,223,0
8bc707feee,3,223,6
1f73caa937,0,1,0
1ff0aa7f05,0,191,5
19cc342b91,3,213,3
7d52a376a7,2,217,3
16cebad726,1,204,5
c9a2990f76,0,228,5
ede9c03a6f,4,226,0
b014624db2,4,228,5
8b0d16466b,3,221,6
6da04e4c20,3,227,0
6c95018d5c,4,189,5
938d11586e,3,210,0
81c77c1b6c,4,176,5
455c8febce,3,166,7
54dd074cd7,3,216,4
a0729c7a02,3,203,3
4fdc882e4b,3,232,2
6d03f91961,1,198,0
443985b709,4,199,7
e6f86c83e2,3,225,5
abe74273c8,3,215,3
51423622fd,2,214,0
32f1039c61,4,191,5
8b5757d8ee,1,225,0
65a55b69b7,2,222,6
a1fe3de7bb,2,133,7
c1c54ad4ba,4,226,0
bce104494c,4,199,7
5b28c5ba50,0,168,6
932529c83d,2,229,0
09f0f1f414,0,192,7
543acdb5f7,2,191,7
b97918ac08,0,199,1
dd11ae96e3,3,202,6
4e86258646,4,218,6
ec10996820,2,169,5
3116a9d54c,0,246,0
aa1c0ba47b,2,170,5
10b19bd1f8,2,216,1
3358462c1b,2,222,5
34b32c5b5d,2,227,0
fcb49356a5,1,204,0
cc6abe337d,2,240,0
57302cf4b6,3,228,0
dae96d99b2,4,245,0
2444e83809,0,170,7
f2fcceee25,4,231,5
22a889c9fc,0,222,0
e358121d19,3,178,5
a10b932fb3,2,209,3
cced2adf43,2,194,6
268d39db25,1,210,7
255e6ef6a9,4,234,0
9a6cf411ff,1,209,4
5306b708be,2,208,0
c352f6069b,3,162,0
be9ce6a9d7,0,197,3
3404341cc6,4,239,0
a39388bd3f,3,141,0
fd423b9cbf,0,214,5
0762a99eb4,1,218,0
73f58ba609,3,189,0
5c8ce5869b,1,212,3
5e0d2e6c25,2,219,0
b33d57c4be,2,214,4
7c2609c66c,2,222,0
1b5c4051d4,2,165,0
c1c5602088,4,232,0
5dfa4cfa2d,2,215,7
c3589905df,4,1,0
0243477802,4,169,0
20349d0a12,0,212,5
c8adc706f5,4,215,6
728917ca07,0,211,7
61b42f8f0e,1,181,7
80694aa70f,4,170,3
59dabe134f,3,245,0
9053aa6508,3,224,7
0c19639aeb,0,206,7
6edb010212,2,180,3
c37f7c51e9,0,221,1
c9a1fd48f6,1,219,5
94b3a9ed9c,1,175,5
711c478c93,4,183,0
9128b824e5,0,225,0
1a1b0c1549,1,182,1
70ca8ebf7b,1,190,6
5df9874c5b,1,211,0
7cf386709a,0,212,4
f3fb95295e,4,219,0
83645a3b6f,4,181,3
f3fd020f27,0,219,5
18d013fced,4,218,6
ce0e9def63,0,204,1
d17eee846e,2,206,5
7616ee06bd,3,205,0
a7b918d80e,3,214,3
0f762f2746,0,221,3
72c2499de9,3,193,0
fbf73cb975,2,200,1
042c3d4e03,2,205,1
465463b009,4,204,0
bc79fe1a3a,1,207,5
ac412e6d55,1,202,4
dfae9e48e8,4,228,5
eab589e1f2,3,194,0
b8f76a8e5f,1,236,0
9fe6cf976f,2,216,3
728890d8f8,1,131,3
e2ba31c4a5,3,225,0
a7fa6dd049,4,204,3
e667f4d290,2,188,0
5edb37f5a8,1,1,0
973a4f6dad,4,199,7
26ec6ef9df,2,151,3
085e7a048e,3,210,3
09b7182dc5,0,223,0
1ebc029ba0,2,199,5
853e89d0d3,1,217,5
f6c784904d,4,201,3
4a8d55bdf5,3,224,6
fc1ca2fbc8,3,150,6
ea2fe8434f,0,242,0
b202b6b3d4,1,184,4
70c92bc80f,2,213,0
45a2a01008,3,228,0
d3fdfb9e8f,3,232,0
6e86fed535,2,191,6
9e9ce2e1ce,0,242,0
98f91cd1b8,1,230,0
f503aaf699,4,167,6
b10fa280bf,3,205,5
432b8b6a71,2,181,7
a5005ea567,3,208,5
4f5df40ab2,1,240,2
c61e0f2507,0,226,1
5081bad441,1,190,5
e82421363e,4,1,0
ba836c5ae1,3,211,5
b5850af687,3,230,0
accb644c9e,0,206,6
055ec918b9,1,175,6
3a068284ed,3,184,7
6e691f1825,0,170,0
95af8ca744,1,189,5
e3e92cc747,3,182,0
9bbb4c7c34,2,170,6
75efad62c1,1,122,7
f839d20b06,1,190,3
09b9330300,0,202,2
72e05a5a33,4,222,7
d768234bb5,1,230,7
7f2642a14a,0,182,4
00441f1cf2,0,221,0
8e84b940e3,1,223,0
3f9df26c0c,0,226,0
9ce55dc2c9,1,218,4
08993551ae,2,203,5
20ed65cbf8,4,1,0
ad297bfd03,0,225,0
48b63017da,2,216,0
6f78817a2d,3,148,6
651b2c01bc,2,204,7
97a10a3ba0,4,127,6
fb17f161d1,0,187,7
ec88937127,3,225,0
ff2c353279,2,176,1
5cb2496125,1,220,0
d422a9eb8f,1,227,0
89af21b6ee,0,210,6
a112a63d2d,3,226,3
7b078e7517,4,205,3
130229ec15,1,249,2
d83a74a082,0,186,3
ec5db065d9,4,220,7
60b3d0d613,4,175,0
0f19680b4d,3,187,6
5d4dcb9d8b,3,158,0
72ef4718f3,2,243,0
bcf322c1c0,2,218,0
2fc6fb555f,2,204,0
0df53ae04c,1,181,4
8b01d00cb0,1,248,0
baac3469ae,3,178,2
5187e13789,3,246,0
2b1e71c2a3,3,216,4
7e7276d088,2,210,6
8650153427,2,222,0
bab30e51b8,2,219,0
f328eccbf3,1,208,3
40e8e14e60,4,196,6
7769e240f0,4,1,0
e23a93a95e,4,134,6
5c51c23a7b,0,228,5
5f45291a7a,3,209,5
154948ae6d,2,246,0
86c1109730,3,214,3
923249032c,1,174,3
7d41b0a6e1,4,170,5
cd292b7c8d,3,200,0
8ce1df1a6a,0,219,0
b9bf0422a6,0,1,0
f2d2fefde3,1,180,3
2ebe2eba03,3,195,5
2010b17cf6,1,210,0
2d3c0a68f9,3,222,0
7c7125fd12,0,168,1
aa21ba676c,3,167,4
911f05128d,0,207,0
1306fcee4c,4,222,0
36ad52a2e8,3,213,6
45a1f78171,0,229,0
9492db510d,0,182,0
d514a30db3,3,229,0
7fadb8efe8,3,223,6
62a8f89a19,2,210,0
2a070f3dc6,0,187,7
418a13df5c,4,191,3
81491224d7,1,221,0
9f07d6a050,0,210,0
c66a8f70e4,1,227,0
99d7f0c538,1,180,6
fff6522bd1,0,188,3
1621c14879,0,167,7
a8bfe7072c,3,185,0
cd1b2e49f4,0,207,3
90b1a59d1b,0,172,7
06523f9719,3,226,0
8db5bf9be2,2,207,4
e2dd6ebd6b,4,212,3
3391f0befc,1,198,1
fcf5137a10,0,191,0
ebf89446f2,0,155,4
dc05ed2596,0,222,0
68b6abcefc,2,242,0
958a3dd464,1,177,0
a1e32a6815,2,197,7
2356ec6570,4,209,0
68b593f903,0,160,6
48bb098115,1,223,0
c073b8930c,4,159,1
bd7b74689d,2,175,1
4319885cf1,2,186,0
57ff97666d,3,208,0
94b4f44698,3,217,1
9ca1ebe351,2,198,0
81fa3d59b8,4,228,2
7a0f1e9b45,0,195,7
103713e20d,0,227,1
36f9ab3ee0,1,225,7
b94a5b0bda,0,169,0
5f51a19f9e,4,205,7
930dcd571a,4,196,7
851498c095,3,199,5
d991b7a689,0,202,7
b521c9ddf3,1,190,7
b42ffc97d4,3,210,0
cb2acfd639,1,221,3
47fd4036e7,1,213,0
f454efbd20,2,123,6
c0aa0c7b66,4,229,0
d4e9588d7c,4,227,0
c701db91e2,2,185,7
9126bbe228,4,219,5
05139ad3e5,0,184,0
27f6632fd1,4,236,0
18b26e968c,2,179,4
d8b2dc2e8a,0,186,5
03049b14ca,4,222,0
f9fc7746fb,1,1,0
739a9ab34a,4,134,1
e88b8de75c,3,208,0
fbfa863bd4,4,180,6
b4f6d6f1aa,0,172,6
505483d249,2,227,3
5677f991b7,1,198,7
107f1047c1,1,223,0
918548e472,1,214,0
ea54256d21,4,190,6
576fd5de16,2,182,0
28f865caaa,3,148,0
852873eb7b,0,240,0
c42abd17f3,3,124,0
1a288f27bf,4,240,0
57904adf94,1,221,5
d204ea9f09,0,177,0
9b31db4e58,1,221,0
1b2daa0f13,3,174,0
1c37e37fbf,4,215,4
1f805e4733,2,190,5
d58653f803,2,212,5
a2a9c0c00a,1,218,5
8c99d8c85f,2,220,0
23e1bb3ee8,2,204,3
8db9dc4a62,3,212,7
befdfcbe5b,1,224,4
fbd61072f4,3,183,0
87cf2c6542,0,222,3
c43b8533c4,4,187,0
989ac5a9de,1,171,7
a56ff4758a,0,135,3
2ce9c36a98,1,205,4
67d3486ac8,1,218,5
40ccdfe09d,2,1,0
3c1d07fc67,4,70,0
530f759c6f,1,185,0
c0ffa90c4a,1,217,0
0a31d7553c,2,200,0
a8247ac73a,0,239,0
6c49b277aa,0,190,0
86c675c4fb,4,219,0
c0fe58323e,0,156,0
7de95e0115,1,218,1
c37e74bffc,4,187,3
2388b3eb40,3,223,5
019afb4b4e,4,161,4
a536f382ec,4,1,0
4b873df7a2,3,232,7
ad16edc8be,3,220,3
7d5c34a95a,1,218,3
77608c7770,3,160,0
2fbde8630d,1,196,0
46bbe12b2c,3,185,3
0ee8a744eb,1,179,7
5b7c160d0d,2,155,4
1d2cd614be,3,113,0
182bfc6862,1,232,2
e204511fd2,4,182,5
881bfee759,0,192,7
1986fcadda,0,253,0
fff987cdb3,3,186,6
4d341171a4,1,189,3
253eb71c3d,3,155,7
24e98d224a,1,213,0
4329ab8cf6,3,216,0
c356f76804,4,210,7
f7c147ac61,1,248,0
c756ff4e1f,3,211,6
62715133c5,4,181,7
4d03329aa4,3,176,0
3de0c773e1,3,207,5
573f9f58c4,3,1,0
05be526826,4,187,7
bfac8e63cb,0,210,0
7e26f45eb9,3,246,0
7588e9645a,4,212,3
0ce329b5f9,4,180,0
e0b6a1211f,3,188,0
8ce5996371,2,228,5
c23d957c59,3,150,4
2f8e4f82fd,1,238,0
5f43816c42,2,221,6
b91a91adc5,1,183,1
dfe111dace,3,223,0
d61250af0c,0,219,7
370763b8a9,1,188,0
7576015468,4,206,1
feb90d8376,0,215,3
457f80b1c5,0,237,0
d8aebd0f86,0,157,0
bb9af788f8,2,210,5
d16591547d,2,174,1
30cc3d3982,0,202,1
3320eb35e4,3,205,0
59dfd4c7e5,0,208,0
f41a025b6c,2,249,0
e12cd094a6,2,219,2
6576184a08,4,214,3
5b72ade49e,2,254,0
9bf8a38b92,4,210,3
9c298b9575,1,208,0
f11f8eab00,4,205,6
3e1c11cfa8,1,223,6
ccd6841e90,0,177,0
e865014246,2,223,3
e2d3957c95,1,203,7
b6520147bb,1,200,5
eeb18519bc,4,216,0
70b6a2347f,1,206,7
32887c2719,2,159,7
76c76f8056,2,200,4
e4d9d1178c,0,243,0
9260b4f758,1,1,0
136af05158,3,205,7
9aa65d393a,4,1,0
bbfb2201ce,4,212,0
aeb36c1964,0,190,5
3782748f51,4,206,0
76761b2a41,1,217,5
19d821e8e4,0,205,0
452b06b003,0,213,3
a60daba969,1,215,4
0f9b1dbc3f,0,175,3
7faea04242,4,207,7
70e5bd9d27,4,171,7
774ee8afcf,4,192,3
06289f69f8,1,207,5
a7000441e9,4,229,0
f4784e4f1f,1,221,0
90f37a2a28,4,235,0
90791c2417,4,222,3
ab6dfe07be,4,185,5
290e9d9748,4,215,3
37251064bd,1,246,0
1c41821d13,0,189,6
981f73e811,1,215,5
fc250f574c,4,227,3
6c4568e51c,3,213,5
d1f7d2876b,0,211,3
0280deb8ae,3,246,2
71d10659ad,0,181,0
22b0774178,1,229,0
c313a1ad7d,4,220,4
971c96134a,2,222,0
8a2dc90df5,1,181,0
287d035464,3,197,0
86365721e2,4,166,6
17a8b7e7f3,3,185,6
b240778420,3,214,0
13fb17bf13,1,216,0
0a0814464f,1,220,1
e73ed6e7f2,4,228,2
52fdbf981f,4,176,1
e3349e2125,3,220,1
01b5362cce,0,181,7
128f3b0e36,0,209,4
a554d2d4a3,0,223,0
9472731dfd,0,245,0
f7b1bd7c8a,4,191,7
9086ac3a68,2,223,3
57293a65d5,3,175,6
53485dc0d9,0,217,5
b5e1371b3b,1,206,6
7738fbabca,3,192,7
27c4850501,4,196,6
a8e5845bf9,4,211,5
c1ed7e8344,1,241,0
e5a6b92463,0,209,5
a854446118,1,211,4
9c5c26e2ba,2,213,0
d31c506913,2,232,0
43001d32e7,0,163,6
b71915a0fe,3,225,3
18590f686a,2,200,7
c98dfd50ba,1,234,2
04e7e791e2,2,193,0
ed24549a3f,0,226,0
961b1310e9,0,212,4
1037da2ff7,0,222,6
a15eff2958,4,178,3
56a4e5c1e5,3,214,6
5f8f40ce31,4,192,0
51870e8500,0,1,0
a33e7de189,0,210,7
b012e9ebb0,0,188,6
7d0b2f2046,2,193,3
f42a7e65f2,1,206,0
aa36cc5b96,3,220,0
7f30236ca4,3,208,0
eead2fc101,4,226,0
a685e6f87e,0,213,1
58789490d6,3,1,0
6b95bc6c5f,3,1,0
324eb2ec65,3,210,7
afd0b385f2,4,169,1
af84304233,2,158,5
174b478747,1,189,5
4d7b42314d,1,190,6
881407fa84,3,242,0
40aaac97b1,2,202,4
a898892737,2,183,7
3b2f902ec6,1,172,0
999ae650f6,4,230,5
0eb52aa52a,3,214,6
08bafa2eee,1,220,0
1abe5e8a3d,0,165,7
c2e9f328e3,3,155,7
849881c690,0,186,2
9bf022776e,0,194,1
17dde2138e,3,192,1
9fabca6b17,1,220,0
63d3cf63be,3,210,5
28a1187a4e,4,180,0
e0b778dacd,1,206,7
0d19f89dc9,2,203,0
e5df7166bc,3,189,1
a2bce9d94a,0,158,4
1f50bc7a9f,0,209,0
c72b546073,2,215,5
cd6320c6eb,0,237,0
c70619fb09,1,227,0
27f923aac9,2,189,6
1b61e02423,1,133,6
ee5c6d6639,1,255,0
78c50b3977,0,197,3
811ebdcc4b,0,230,3
d7cf3bf4e9,0,180,7
003c477d7c,3,227,3
cb677fab7a,2,187,5
2eae73b03a,1,214,0
02d40993ab,2,183,6
812c804456,0,226,0
b2d7897c35,4,224,0
387aa87ae2,3,213,0
fdb7d132be,2,124,1
a042e73fee,2,193,5
9bf8f84094,4,201,6
a1526d3c6e,1,159,7
0f613bd191,1,176,3
a69586db4e,4,211,7
c137712b61,4,213,5
66c61616cc,0,210,0
fdd73141d6,3,212,7
e101b9a0ec,1,191,7
6e3634da35,2,224,0
f7933b266c,4,194,0
f78361aa48,4,226,0
6306dd3a8e,4,224,3
b981d35c43,1,207,0
de51e77a38,1,224,0
fe11d93a24,4,209,0
b0a2fe2a63,1,223,0
7beceb5850,2,202,4
46c1a0e9a3,2,225,0
4ad8a63538,0,180,3
3ced3ed63e,4,168,5
4514686882,0,198,0
75fb579aa2,4,192,7
4e6855dbae,0,220,7
fe37eddf8e,2,212,0
f2f67e14a6,4,212,0
a8d50a4a97,2,250,0
63193879b4,1,193,6
8c1d0929a2,3,1,0
a4932322ce,0,168,6
ff89e5e3cd,4,212,5
a50ac7d1e2,4,230,6
766784f810,3,183,6
d583d291ea,4,220,0
9b80cf8992,4,229,5
c9695bff51,3,182,0
b28aeb78e0,0,204,4
768d5f7ade,2,237,0
2fd6d25adb,2,195,4
999cb0ea3b,2,212,0
fad11bf2fa,0,222,6
3d0acb5c90,1,162,7
ab72556c51,1,200,0
e7f63a219f,1,201,4
d465b396f2,4,186,1
7134e4acac,2,224,7
2578042000,1,193,7
b540435ae7,4,192,0
9ad32f3c66,4,228,6
e060d5ca41,4,242,0
7f1d5f223c,3,227,1
0b7459a0af,4,190,0
106e4043ba,4,218,6
b0a18e86c7,3,221,0
26000ba320,1,249,0
1cb9549d2c,1,209,0
d46c133c20,3,209,0
cfdc385955,0,192,5
5cada3d3f1,1,219,0
31aaa04c63,0,215,0
f0efea3879,4,224,4
1d2382ac3f,3,196,0
c1c6a1ebad,1,1,0
930a21d485,3,235,0
b2b0cd95a4,2,177,0
7469baeb8d,0,161,7
ed52743a1b,0,219,0
87af5ec058,0,194,0
734df57cdf,2,165,4
61eb86f1ad,4,212,0
d47c78058a,1,173,5
67bc6ac1f4,1,188,5
7555f79a2c,0,214,5
b9a7c521ac,1,201,5
eb4efc4c39,4,171,0
6a89c7a85d,1,184,1
f4feed1635,1,203,6
b45f9383e9,1,220,6
e560423302,1,228,5
4f02bab289,4,200,7
6ecba60505,1,211,4
48940ae0b0,1,212,1
b40457631c,2,228,0
9895f188e8,3,212,4
254efd9043,1,203,5
1f6afee5ca,3,147,7
b345b1f290,0,201,0
62de954435,3,219,0
a038a2d781,0,164,6
336e1995cd,3,220,0
6d17d3be2d,0,172,6
7e78a47cee,0,200,6
459396b418,2,201,0
8ddaea54ce,2,172,7
6ec6e26ddd,0,163,7
a88dd59036,1,143,0
26382e2d1f,4,161,3
1804a4c064,4,220,7
cd69ee839f,0,218,3
418b7878a8,3,159,0
9a478d8cf2,3,228,0
543f5887a2,1,229,7
ca393f0eaf,4,183,0
912b573a9e,3,199,0
34bfcfa11b,4,193,1
ee3b4b8c91,2,224,6
5c28eec331,1,121,5
8f407b64ae,3,156,0
2fe4adfd48,1,233,0
690514a3e4,2,166,0
f64190c47e,1,213,5
c0b6fafc47,1,209,0
b33e244157,1,243,0
f2c640742a,1,232,0
1664b6a6d5,4,176,1
90194208b9,4,192,0
bdb9ba462f,2,221,4
0ebe3ee1ad,1,226,6
126f253739,1,212,3
843e8ec44e,2,190,4
08c2070b20,4,219,3
7c9c01ebe8,2,223,0
15d76f1672,3,197,2
98c6496076,2,218,5
b052410a6a,2,172,7
cf706fb35a,4,220,7
0ff9f243e5,1,184,0
d800abe6a4,4,204,7
4015200239,1,205,0
ff038e87b1,0,161,6
2edf2e3e05,3,135,3
a71bdf1af7,1,201,4
0b45bde756,2,216,2
9e64fc57aa,0,212,5
33dfce3a76,2,218,2
3d6d400816,3,234,0
557feaaf65,4,248,0
08640ede7a,2,188,6
2b39f9a88f,3,143,0
d71ca6d32c,3,198,3
641d0227e7,3,142,3
843f9892ef,0,170,5
ffe228a7e3,4,186,3
06d21d76c4,4,245,1
778a92f420,0,209,3
fcdf2756aa,3,218,0
a9b7fa7e0d,1,203,5
6e409af2cb,2,202,0
c20069b110,0,1,0
57e0cff707,4,194,3
d17f801011,1,212,0
e1921d9a0d,4,225,0
857e511397,4,211,5
2c3c64402e,0,220,4
17c6355815,1,191,0
571e63d0bc,0,216,7
af71ca4ab3,4,224,5
230b98e713,3,188,0
3bf70b71cd,3,172,6
23a17b87e7,0,230,0
d27831fef2,0,225,4
5a02df7676,3,199,7
35fd991255,1,204,6
4336ac847e,3,210,0
fb3392fee0,1,224,2
47048ac10a,1,215,3
9358b1fa7a,3,159,6
a92f49d2d9,2,213,0
2e7921981a,2,204,5
401b591c07,1,223,0
97e78a5448,1,211,4
a1dae195e7,2,141,7
e185ab5dc1,3,207,5
d0cba16846,0,194,4
c6648ea2ca,1,208,7
59092e355d,4,173,3
ca0d3ea2f5,3,201,7
a89d1999ec,4,220,3
158765ed16,3,190,7
ef13247eed,0,215,7
021494f3aa,1,220,0
deec7bb4d9,2,229,0
c256f6e713,2,203,5
10f3d01ddb,1,173,7
e82b7a2abb,4,233,0
1a67b08604,2,205,5
9842f69f8d,3,228,0
bec8f132d0,2,232,0
b04c03e3d4,1,225,0
95d3841a53,4,175,5
d3f2336daf,4,193,5
8e48de3b3b,1,153,5
77ecd76754,2,226,0
a2b7af2907,0,1,0
b1ac5ed0b3,3,210,0
7d963e0f5d,2,192,5
94c2d96e56,3,171,3
903206854b,3,123,3
efbfde4930,2,221,3
5d752d6d4a,3,215,0
40d96e8022,1,189,7
f599fad413,3,221,7
3072ae3119,1,225,5
20c99dee06,2,210,0
38673ade97,3,212,3
8b4189c2a4,2,207,5
ca6bdbc405,0,234,0
91823ecb1f,1,215,3
27870bb184,4,189,4
1a28f06897,2,203,0
28ca5ff16f,2,176,3
f1080b61e2,4,213,0
e26c381bd4,4,210,0
7e5a6e5013,1,142,0
31b1314c62,2,176,3
296a04bc06,3,190,1
e366f9d62b,0,202,7
40a7f422e2,4,212,7
8f5af7f42a,2,215,0
db9bb00470,3,222,3
58777a8c79,3,176,5
9a71e8563b,0,180,0
8cf3a6a6f5,4,226,5
fdc06fea10,2,233,0
dccd2d9d48,1,203,3
4d58e8d8ff,0,205,3
79fed5a697,3,252,0
abbfb56731,4,227,4
64baad8029,4,168,3
9704b1ba61,4,227,5
50d3073821,0,230,2
cbeab7807d,1,206,6
9ccf50ab0e,3,249,0
ac6289352d,1,188,0
a98ab1c549,3,224,4
ea7425da00,1,220,0
9f2e5a8c24,1,218,3
cc15d94784,2,1,0
944b46458e,3,207,0
7ec839af45,1,220,0
923473085f,0,216,5
e10a1a3e81,0,248,0
8cbefc189e,1,203,1
37ba215c62,4,228,0
d289692ab8,3,195,0
5bb48ef0ea,0,142,7
1af44a9db0,0,216,5
a568cc8273,3,215,6
e875c9a960,0,218,7
5e98f349f3,2,203,0
1267729ffd,0,223,6
3f76f25042,0,198,5
6d2a5a2fe2,4,173,3
f2259e86f4,0,229,0
f7e8060b57,1,163,6
3cd4d01b7d,2,217,6
8457263314,1,195,3
bc5382bc71,1,242,0
f950879320,1,164,0
2af008d773,3,144,6
eeef52be31,4,221,1
25f532d7cc,0,158,4
8d08955cdf,0,203,3
246d86ba32,3,164,7
3b5e9c6e05,1,212,1
e4be64c1fb,4,176,4
9f3b8d0186,2,184,4
abb1521de8,0,192,1
cf1ffe14e0,1,185,3
ede36de5cc,0,241,0
500d909b87,3,205,5
c92c37ecd7,0,225,3
6a1fd3c67e,4,192,5
1cad8c327b,4,224,0
4b15912a41,4,213,3
1b8d100712,1,129,7
db1aa8e608,2,166,3
84e305da04,2,193,7
a4e90eef39,1,228,0
89dba191b1,0,175,6
6ee755c67d,1,156,0
85bca2aade,3,254,0
4ebed82264,0,165,3
30787ad7df,4,214,7
78f17697f2,1,202,7
ad49962b22,3,230,0
566ac48e00,3,181,5
d69556b746,2,227,0
aff87f7ba7,2,191,6
877d1a7ebe,0,228,0
6636021b35,2,207,3
dd81358234,0,227,0
bce4cdea7f,4,228,0
2f00b33427,3,184,1
2b76b47947,2,225,5
fdc28cafdc,2,186,3
4b9b8c2e44,0,205,7
48d34846d7,1,222,7
f507d4f122,0,247,0
668b41c03e,1,200,4
ee7ff3b2fe,3,184,3
71d3bf0ea8,1,228,3
df5df272fb,1,185,0
1fba03699e,3,199,3
58d177c0d0,0,186,6
ed20d93bfd,4,144,3
b5448cb40a,2,224,4
6c91546a57,2,210,0
3ce41108fe,0,172,1
52914952d6,0,210,5
4776354474,2,215,5
3f2865df45,3,222,6
106a222c7c,1,206,3
820c4570b1,0,215,0
58d62862fa,1,227,0
17dd87aefa,0,195,7
5a3c38104c,3,192,5
231fc4e8e5,3,173,3
1313dbf1d7,4,231,0
5fe333fd26,3,202,7
1d685060b2,0,148,0
b77cc54800,0,196,0
e335542c17,1,165,7
8b44342fd9,0,199,7
fd1be18f7d,2,222,5
ff532274cd,4,154,7
d885813aa8,3,217,0
9c3383eb85,1,226,0
aa1cd9fb71,1,192,4
964030c032,1,192,5
2c707479f9,4,206,1
9b5bed5c6f,3,222,0
c98504a8ab,1,227,1
4520536c03,4,220,5
1c78d88cb8,1,212,0
2f493f72ff,0,218,5
01323211a0,2,196,4
466548defe,4,214,0
99bc5efa33,4,200,0
2f8b36c386,1,185,0
36f332bd11,0,173,6
39400e0443,2,219,0
0f3118527c,3,227,0
b9fcc34ef3,0,214,4
216aa6275d,2,217,6
33041df256,2,198,0
204c4657d5,0,194,0
572cb220d2,4,148,1
df3a1c2d7b,1,195,4
28d42de29f,4,219,3
a5d2da8488,4,232,0
f3220c3590,4,211,6
1075fa3200,0,216,3
41a4f7424e,1,209,4
70db04a203,0,221,3
3c10a71f62,0,191,5
da0f021c5b,3,201,4
4bc87727b5,4,224,6
528cb6678c,4,184,4
67dfa4bcf5,4,198,5
1544a0e952,4,140,3
00a3af90ab,0,191,1
0b9cb1205a,1,225,3
dfd3138198,3,217,0
7fc1ce1cb4,2,213,5
2d64b6a8cf,3,212,7
b4e61836df,2,221,0
7fd5baaee8,1,215,0
026f97575b,2,184,0
c89eda8701,2,206,5
7c6221dbb8,3,180,0
f8b721f632,0,221,3
89ad7a93d6,2,201,0
dc0119712d,2,214,0
0aea45ba8f,2,214,0
495a2d3c7c,1,192,7
b2fbaf80d5,1,231,0
25f2e30c66,2,201,0
f057258486,1,207,0
efe3043924,1,200,1
d35af24206,3,179,3
1d9bc2591e,4,202,6
b6bbd06618,4,210,3
d7506a6a38,3,204,5
02206b234e,3,232,0
96f8fd0d4b,0,168,0
d9d06aa699,0,225,0
7b4ccb8113,1,173,7
eeecc7ab39,3,176,7
d0eb51a04f,4,155,3
e5c26c8634,4,243,0
7f3e8a8526,0,214,0
d4033ae7f2,4,242,0
8ca267be2b,3,189,0
bf73cacab5,2,215,1
cb7cd324a5,4,222,0
e7f0e30585,4,172,0
f4e6928ad4,2,192,3
5ec4b8eff9,0,213,1
c5745e04ff,4,202,5
d7e6e1323a,1,187,5
d4d964f62d,1,185,0
42758bb41a,1,213,3
02adf272e9,0,187,5
2da9564e53,0,205,0
a54d582262,0,207,6
ef654c1b73,0,236,0
3d0f8c81ce,3,242,0
486ae46ba0,3,177,5
d998a07370,0,210,1
ea1270a8b2,2,202,7
2eea9d51a4,0,225,0
9722dedee7,3,219,0
d66bb0c151,3,216,0
d14db20055,4,223,0
21e1d6e38d,1,224,0
5a6f57c150,0,210,7
f1d488759e,1,204,3
6040cbf086,1,190,0
520fdf987c,0,214,0
60a0ca8d0e,1,192,3
4f62a5bb14,4,164,7
0c0f001366,3,194,3
0ab5e14937,1,214,0
eb958a5cc8,1,221,0
e89272a29b,0,227,7
2a484baa26,1,228,5
822043d604,1,222,3
bb455284f1,1,182,6
c038f6fbe4,1,226,5
16bee00afc,3,214,0
2226df3ca1,2,230,5
4e961dd0ed,0,218,0
f85054273a,3,202,3
c5327d784b,1,196,5
30e4d22141,0,224,0
66c603a013,0,167,7
de091953f9,0,218,0
46386ca4a3,1,207,3
c4adb6e891,2,191,0
fcce81906d,4,228,3
6957579961,1,195,7
2ecb2b0797,0,150,3
3df62de11d,2,174,5
1dbc694c5d,1,200,6
e6e3e58c43,3,234,2
6cb11aa807,3,183,7
1167a2bec9,3,254,0
56d6d999b8,4,225,1
24b40af38f,2,224,0
711e8ac5ba,4,234,0
fe85864f8f,3,240,0
3ee87f1ea6,2,192,4
81c1149163,2,215,3
99bf605daa,2,179,7
6fe2b681e4,2,147,1
b5893fc541,3,223,4
2eca5f70b1,3,214,4
5c87971507,2,211,0
3fe0ac38f0,2,159,3
a141ed0c99,4,189,5
46f402dcd5,1,213,0
33b50159a7,4,224,0
e24e9afdd1,0,211,0
314db606fd,4,167,5
16b2119ffa,2,180,1
d4d34af4f7,1,247,2
a6a3383416,2,181,3
6150f39f8d,4,217,0
64bfdd0b9a,4,138,1
b240582de8,0,208,6
f9d8f014c2,1,212,0
4e51caa68e,2,218,0
ae96972c1a,4,254,0
2f35ac4b87,3,177,1
9067effd34,4,232,2
93c7358e41,4,170,3
91a0ac314c,0,225,0
8a55cca47a,2,196,6
916aff36ae,0,211,2
75eaea4cdb,4,165,5
ce1f9711bc,0,223,0
10aa115164,4,202,3
669cb42011,2,169,1
9694a662dc,1,198,0
748f8f4106,1,207,3
0e16439e05,1,209,7
bcae7b57ec,4,57,0
db0238e5c7,4,209,0
ea1a6e1b33,3,213,5
eeca9d6a63,0,212,0
dc534f1e28,2,195,0
7a095f0b21,0,193,6
535503063e,3,205,5
a266a2a9df,1,238,2
24f27c4087,2,222,3
a531b78648,3,231,0
77c071c12d,0,179,3
4b019a8354,0,225,0
a6ec5aa914,2,211,3
3fd616ef00,4,142,7
3dc4b77bb5,0,216,0
479cb24efb,1,169,3
e54c815e85,3,231,0
6d4fca6a35,1,162,1
33ba7dd9a1,1,241,0
45f31c81d4,3,249,0
1017084680,4,190,7
69cddf572c,4,208,6
f362d474b7,3,213,0
0cf9c803b8,0,160,1
17a6639049,0,229,0
dd5a90cf89,4,180,6
ced8d25446,1,250,0
b11110b854,1,1,0
e8b730fe92,0,158,3
3f5adbdcc7,4,178,3
6caec01e67,0,194,3
a5c6cde207,0,226,0
be1f425eac,2,199,6
32062fff08,4,167,3
0b9981aba1,0,211,1
69098163e1,0,215,7
d0cd29a61b,0,228,0
55f1ea73b3,4,254,0
30082e87d9,3,206,3
39f101a807,4,220,5
56ab4fae30,0,219,0
1cc428e57e,0,215,3
b13f0dbc84,4,212,3
e030bdae65,2,221,5
24cb80b5da,0,201,4
12e94a5a08,2,191,6
b9afd7b728,3,206,7
a48b9989ac,0,1,0
8b11113861,3,171,5
74d53a0d53,3,193,5
ed081aa065,1,221,3
7db9b53d89,0,147,7
07cbc65347,3,236,0
131ca4b83d,1,179,1
28ad4e60c5,4,229,3
849f39dcbe,3,195,0
16a9609841,0,192,0
809ce44053,0,199,1
8e93b66386,2,252,6
6f79e6d54b,0,1,0
a708e52d7c,3,234,0
28f6f52c8f,3,216,6
bd2a0b256c,1,185,0
6a7506aa1e,2,210,5
e5a22d144d,4,234,0
25845ace3d,3,178,0
fbf5c91d9e,3,199,5
b40844d201,2,222,3
ff24769ea3,0,215,0
2b405e7016,2,185,0
edc9fb3512,0,213,0
a12d2c10a9,2,170,1
a701844e9a,3,203,7
5936740d48,4,167,0
abcc448c24,2,177,7
23bbdfd154,2,220,0
7f99abfc11,2,153,7
30e5cfec08,4,191,1
40bb5a9cbe,2,208,5
6092afaec7,0,232,0
f9ef613aec,1,206,1
f6576d4cbe,2,165,3
f75842e215,4,244,2
c00c4b8814,0,207,5
eb23ddad08,0,191,6
d18a64f984,4,212,0
1ac4fd8022,3,225,4
61cfb43abf,3,201,0
22398d77b8,2,215,0
a163126d96,3,206,7
26a76b910c,0,198,1
74d7a9df8b,1,214,5
0473e496e2,2,200,0
bea9b0571b,3,206,7
ed761ad8ef,0,203,7
a3de137406,4,225,5
3ec30a713c,1,179,3
e3b1b48b5a,2,159,0
c67832ba86,1,219,0
5cf1f1e7f0,0,197,5
89dc091930,1,190,5
4680bc7373,0,223,0
b9c2f9550a,2,206,0
74f00bb214,2,219,5
465486e6ec,1,170,3
0429d9759b,0,193,6
9fac28f3df,4,208,0
4a11c0f4ad,1,244,0
d1f8ba2f02,3,212,4
ea5dd02892,3,211,5
894b9ae774,4,174,7
3ce657b8f7,2,222,6
e799fcac15,3,204,4
2717821409,1,185,7
3b4be071a8,0,158,3
58ad72a266,4,223,7
f6a89b6f89,0,229,5
84af757738,1,230,0
5c33b65396,4,209,1
41cfd4b320,1,216,5
5990041346,2,226,0
2f20c083c2,4,240,0
ac6055e7ce,0,202,1
cbad345488,2,219,4
32599d97bb,2,211,0
1019e6ed47,0,71,0
8c8c2012e7,0,208,7
aebff18bf9,2,204,7
91bfe61493,3,215,6
03511989ac,3,165,0
62df3565cd,3,218,7
9f96821d81,0,191,5
878566ab56,3,172,1
feadf0e85d,3,230,5
93b8ec180f,0,197,6
104ce199d8,4,173,3
ddd3099877,4,218,6
2ffea0c397,0,199,0
6a3f8feaea,0,226,0
8d4ba8fd28,0,186,7
dab1d67df7,2,205,7
0061281eea,2,169,6
8023f35b58,3,174,3
6397715bb4,2,191,5
2b30313d2c,4,179,5
c4a681819d,2,217,0
b8525600cf,1,216,0
e446b0b4b6,4,207,3
a90545f377,1,197,0
886c96ffb8,4,188,6
f0e99e9761,0,223,6
c45c9617bf,0,169,5
395e668f22,4,219,0
fd51e63c83,3,206,5
444c32935c,2,220,5
e86361f5d1,2,231,7
3c2ea1a63f,0,227,0
5691530ff4,3,217,3
bb2160921c,2,218,6
641ef8ba11,0,195,0
65eca0ad70,4,233,0
a5ccb4f8d9,3,168,0
e1323691be,3,198,3
33887a0ae7,3,203,2
ec857f4518,2,221,0
ebd623bfc6,2,192,0
fb44090bc7,0,229,0
9eaf536a63,4,205,7
393f2db0b0,0,185,3
2f4fb95bb7,1,177,5
93d21b7636,1,221,0
d5023a3662,2,170,5
71c0fd5516,0,239,0
c5c4479af6,0,185,0
bc3156b1e4,3,158,3
5f48c8c123,0,231,0
1f3299c2ba,1,198,3
d69c382be5,4,197,3
5d600057f5,2,213,3
8d141a0b7a,2,232,3
2821f70a5a,0,179,0
7c9c98aa11,2,214,0
f43f1e7456,4,215,5
7845115d01,0,120,2
e2810cc777,4,168,6
38e018ea0f,3,182,1
e2e4fcf83e,4,200,4
280dcd0b2d,1,239,0
675cab373f,1,189,1
4210e9e5d3,3,216,0
589e94265a,3,223,0
b9f3886670,4,222,0
9befc65890,0,216,5
27de423ad3,4,218,5
52ac7bb4c1,3,236,2
0389fc6012,1,200,3
8320911258,3,208,7
a8ebba8c1e,4,225,0
32273eef45,0,191,3
91dfba8133,4,250,0
e0d98e6fde,1,215,0
39a05bf91f,3,212,1
6ac91c75fc,2,216,3
0951f85203,2,218,3
9a1fbef3e3,2,206,5
361d5e6834,3,212,3
5d07e84138,0,215,3
85670a7093,3,206,1
ce9c3510a8,3,214,0
4285c2ffe8,3,145,0
25a9f40814,1,213,1
e2421eee13,0,212,5
404b62a4d5,1,202,0
e9d39cddd7,0,228,6
8d3ee9356b,2,199,0
b33771a471,0,224,0
61df7e1f4d,2,187,0
fcf61d1883,3,190,0
2b723b8474,1,214,0
92e617896e,4,227,0
7e68df3981,4,205,5
753371cca5,1,217,0
930c8dd0e4,3,136,0
2d20ee4eff,0,195,3
5fd2a3ef64,2,181,4
66fed16154,4,108,6
c5caa57f2f,0,228,0
b7c1e2a377,4,159,1
3228f203a3,0,200,3
cf11876547,2,172,0
f870e41e88,4,205,7
f7e855fc40,0,214,0
62f822b156,4,195,1
c593c662f1,2,219,0
cff87534c4,2,192,0
356fa48ac4,1,212,0
de95e861ac,4,5,0
114397189f,4,204,4
c20c019650,3,206,7
3dae882971,3,228,3
572f0b1ad8,2,207,4
590e32af63,0,186,6
1cb4733828,1,209,7
92895cb54f,2,171,5
04182ced8e,2,131,0
def16cd3d7,4,224,0
b2d02516e1,2,206,0
0e63d9a8b4,2,207,1
b095375d19,3,220,7
fc8f0668fb,3,182,6
ee5e9e4570,3,201,6
eabe9337a9,4,208,7
ef753a06c7,1,203,3
956c91fe94,2,222,1
c4ee594685,0,218,6
bebf415bd1,2,197,3
40dcff68b3,2,225,6
f8ca1f5c5a,2,172,6
9c08332067,2,216,0
869f99406d,0,207,5
be2dd1db16,3,234,0
0cf7155eb6,4,223,0
7ed79f8f56,3,123,7
337b30caff,4,225,0
e5b47aa145,1,219,0
2b55bdbda1,1,200,1
725a0ae373,1,213,7
25143d7837,2,171,5
8f08f4e9f2,3,203,0
ab767aef7f,0,230,0
54629440c9,0,241,0
7e5cdca0b7,0,210,4
d6b87a521f,3,222,0
34bd0facd2,1,179,6
653c7e9f6c,3,170,7
d531fa41aa,0,231,0
1efe1909ed,4,1,0
63e32c0cfb,1,219,6
1ac058f0a4,1,204,1
e7442307b1,1,173,3
cfb8e5c36e,1,178,7
92cc29d923,0,222,0
34e51dba6a,4,216,3
d353a74b66,2,214,0
e0751c41fd,0,149,7
d21012f5c1,4,227,7
ff9d2e9ba7,0,1,0
9e966d733c,3,190,3
ab18a0a7fa,1,220,7
67a8e23baa,0,190,3
3b9586e2ff,0,198,3
16e308dbc3,3,221,7
bfbea83faa,4,214,5
af7e9d7648,1,204,5
35b34a9da1,0,93,7
31ca053bec,3,201,6
9f4471dcd6,1,194,0
976fcded4d,1,213,6
7ec64d2b8e,4,187,0
ca2e414e83,1,254,0
ac7df612ff,2,219,4
2e8bf3f7b3,1,217,3
d30ad7d936,2,177,5
ad29bc8923,3,133,0
5c0cde01b7,1,177,3
cab2f6614c,4,208,4
f409d55fee,3,141,7
8945b8916d,0,159,1
97e2c6b5c5,0,218,6
f5ffe74512,3,224,3
4bb8260218,4,210,4
89e7c93d0c,4,223,5
de5a329823,4,235,0
a849a4e373,4,214,4
db840e1e22,1,188,4
026b509cd4,0,251,0
5423d6049c,0,213,5
eabed5b2b4,0,219,0
29beb70925,4,224,7
52667992f8,4,221,2
6738d474a3,4,230,0
a58d3b12bc,3,232,0
d45b4f3b85,3,224,5
1a4ffa4415,0,179,0
b5b767492b,2,173,7
396ae389d8,4,230,0
7f9f13c0d0,4,176,7
15d079a8e8,1,216,6
0280db420c,3,185,7
eac3fb300e,1,199,6
2bc179b78c,1,190,2
53b480e29f,4,213,0
340fe814a3,4,187,5
fbb8eba26d,1,217,0
62e72fe39a,0,242,0
f06ef6c8b7,4,212,7
13f448be07,2,220,1
06c2c49688,1,211,0
e82162c83c,3,240,0
78be8270bb,1,221,7
8f1fbec1e6,4,214,0
670d9655d5,0,208,7
4edadcf4c4,1,204,7
010ee525b6,3,212,0
70cef9fcb6,2,230,0
0c376f6728,4,218,5
71d7482240,1,209,3
f115ca6981,3,164,4
6fc88fcbed,4,137,7
c450f9d7f4,0,189,3
a959b2372a,2,216,0
1c6f7aac78,0,180,0
0841984941,0,220,0
a653a50dc4,0,230,0
3862950849,3,187,4
29d8bf3a4c,3,208,0
ce31ab9b97,4,210,0
08173ef66c,4,186,7
30bb4cd749,0,215,0
fa9ad1caeb,2,235,0
58edb9b58c,4,223,0
ee48914076,1,209,1
04cd9599a3,3,208,6
caa039b231,1,205,5
36aa21019e,0,181,7
5c616dea00,2,181,0
66cfa202e5,1,195,7
71ef380e21,3,207,7
871be86f43,1,165,7
c0cbdabcc3,2,201,5
fe4f6ff284,3,212,1
41e2137184,2,133,3
18c4cdefec,3,225,0
930cbb8ccb,1,216,0
8ad8b9b163,2,167,0
4d684d99cc,2,171,0
a6c2605919,2,223,5
029c321179,4,159,3
e353ae4dd5,1,215,1
56974f6864,0,202,0
8b5d38c547,2,215,5
73a3712fcd,2,201,6
3281bb7282,1,169,6
c4f2799234,0,200,3
fdc1ac926a,2,224,0
481ed855f2,0,190,3
3ed6d1c7df,1,178,3
4161f35a4f,3,175,6
7f0ee9c30a,0,148,7
155bcd4b4d,1,167,5
a49edf33ae,4,187,0
619edf8941,2,196,0
8f39d964c3,3,176,3
a245c6d001,2,214,5
46673b0e2d,4,208,0
b12a5a2b61,4,180,7
b51c130238,4,221,6
963189b39c,2,224,5
d2522cfc93,3,241,3
041925f04c,0,223,6
